transit_id,stop_id,taxi_id,taxi_pos_sequence,taxi_private_cost,taxi_shared_cost,transit_shared_cost
6044009_1_3,10:F09,6042911_1_3,3,11.6626387441,7.25170870207,24.2864679035
6044009_1_3,10:G21,6042911_1_3,2,11.6626387441,6.17698401454,24.2313555501
6044009_1_3,10:G21,6042911_1_3,3,11.6626387441,6.66012351497,23.6948827164
6087484_1_2,3:220,6086311_1_3,1,6.64364187263,1.82182093631,23.7672192273
6087484_1_2,3:220,6086311_1_3,3,6.64364187263,2.26614392057,23.3228962431
6087484_1_2,3:219,6086311_1_3,1,6.64364187263,2.22671548863,24.1721137796
6087484_1_2,3:219,6086311_1_3,3,6.64364187263,2.883852771,23.9406050935
6087484_1_2,3:218,6086311_1_3,1,6.64364187263,2.96348101093,24.9088793019
6087484_1_2,3:218,6086311_1_3,3,6.64364187263,3.71361750959,24.7703698321
6087484_1_2,3:217,6086311_1_3,1,6.64364187263,3.66081266005,25.606210951
6090174_1_4,3:F27,6088818_1_2,15,20.7594760087,19.4317651312,4.10132063121
6098740_1_1,13:303692,6098622_1_3,3,8.64120206201,6.03053060591,3.64127584327
6014261_1_2,10:R20,6017101_1_2,1,12.9725027929,6.97625061974,22.2590247715
6014261_1_2,10:Q01,6017101_1_2,5,12.9725027929,7.56100076546,20.6667255008
6014261_1_2,10:Q01,6017101_1_2,7,12.9725027929,8.4462563821,19.6229224205
6017115_1_4,3:R31,6089061_1_3,2,25.7456318693,21.7789463635,4.65967883414
6056696_1_1,10:A41,6088357_1_1,3,31.5610275241,31.1706488753,5.78654586951
6056696_2_1,3:A41,6088357_1_1,3,31.5610275241,31.1706488753,5.78654586951
6060629_1_1,10:R31,6088357_1_1,2,31.5610275241,31.4888708288,6.29301216748
6062003_2_2,10:631,6089061_1_4,1,23.9066020632,12.5002202862,21.6955252772
6062003_2_2,10:631,6089061_1_4,3,23.9066020632,13.6434202984,21.4386412782
6062003_2_2,10:631,6089061_1_4,4,23.9066020632,14.7515004835,21.2454540822
6068416_1_2,10:629,6069024_1_1,14,32.3777637802,31.9870520683,5.3652541485
6068416_1_2,10:628,6069024_1_1,14,32.3777637802,31.6118799093,4.9900819894
6068416_2_2,10:629,6069024_1_1,14,32.3777637802,31.9870520683,5.3652541485
6068416_2_2,10:628,6069024_1_1,14,32.3777637802,31.6118799093,4.9900819894
6071203_1_1,3:123,6068298_1_2,1,31.3843531076,29.9006745824,4.93673177284
6071203_1_1,3:123,6068298_1_2,6,31.3843531076,31.1300432043,4.43938650366
6076683_2_1,3:G21,6079358_1_2,1,35.2356509547,19.9893910567,11.6616579183
6076683_2_1,3:G19,6079358_1_2,4,35.2356509547,24.2935307111,12.4285685906
6088551_1_1,3:A41,6088357_1_1,3,31.5610275241,22.9103845064,15.3131692909
6088551_1_1,3:A41,6088357_1_1,5,31.5610275241,23.7588836946,14.9922498106
6088551_1_1,3:A41,6088357_1_1,7,31.5610275241,24.8153052701,15.0433661192
6088551_1_1,3:F18,6088357_1_1,4,31.5610275241,23.1712212947,14.9376740189
6088551_1_1,3:F18,6088357_1_1,6,31.5610275241,23.6629673136,14.445928
6108905_1_2,5:714,6106747_1_4,7,44.9693220367,39.7267653072,10.3552593504
6005073_4_2,3:630,6072510_1_3,1,7.80685273291,2.91627585402,21.9419726714
6005073_4_2,3:630,6104045_2_3,1,7.80685273291,2.91627585402,21.9419726714
6005073_4_2,3:630,6105098_2_3,1,7.80685273291,2.91627585402,21.9419726714
6005073_4_2,3:629,6072510_1_3,1,7.80685273291,2.55467657574,21.5803733931
6005073_4_2,3:629,6104045_2_3,1,7.80685273291,2.55467657574,21.5803733931
6005073_4_2,3:629,6105098_2_3,1,7.80685273291,2.55467657574,21.5803733931
6005073_4_2,3:628,6072510_1_3,1,7.80685273291,2.21258215661,21.238278974
6005073_4_2,3:628,6072510_1_3,4,7.80685273291,3.36170896791,20.5758188293
6005073_4_2,3:628,6104045_2_3,1,7.80685273291,2.21258215661,21.238278974
6005073_4_2,3:628,6104045_2_3,4,7.80685273291,3.36170896791,20.5758188293
6005073_4_2,3:628,6105098_2_3,1,7.80685273291,2.21258215661,21.238278974
6005073_4_2,3:628,6105098_2_3,4,7.80685273291,3.36170896791,20.5758188293
6005073_4_2,3:627,6072510_1_3,4,7.80685273291,3.13648899688,20.3505988583
6005073_4_2,3:627,6072510_1_3,6,7.80685273291,4.17095594435,19.9101904742
6005073_4_2,3:627,6104045_2_3,4,7.80685273291,3.13648899688,20.3505988583
6005073_4_2,3:627,6104045_2_3,6,7.80685273291,4.17095594435,19.9101904742
6005073_4_2,3:627,6105098_2_3,4,7.80685273291,3.13648899688,20.3505988583
6005073_4_2,3:627,6105098_2_3,6,7.80685273291,4.17095594435,19.9101904742
6005152_1_2,3:630,6072510_1_3,1,7.80685273291,2.91627585402,21.9419726714
6005152_1_2,3:630,6104045_2_3,1,7.80685273291,2.91627585402,21.9419726714
6005152_1_2,3:630,6105098_2_3,1,7.80685273291,2.91627585402,21.9419726714
6005152_1_2,3:629,6072510_1_3,1,7.80685273291,2.55467657574,21.5803733931
6005152_1_2,3:629,6104045_2_3,1,7.80685273291,2.55467657574,21.5803733931
6005152_1_2,3:629,6105098_2_3,1,7.80685273291,2.55467657574,21.5803733931
6005152_1_2,3:628,6072510_1_3,1,7.80685273291,2.21258215661,21.238278974
6005152_1_2,3:628,6072510_1_3,4,7.80685273291,3.36170896791,20.5758188293
6005152_1_2,3:628,6104045_2_3,1,7.80685273291,2.21258215661,21.238278974
6005152_1_2,3:628,6104045_2_3,4,7.80685273291,3.36170896791,20.5758188293
6005152_1_2,3:628,6105098_2_3,1,7.80685273291,2.21258215661,21.238278974
6005152_1_2,3:628,6105098_2_3,4,7.80685273291,3.36170896791,20.5758188293
6005152_1_2,3:627,6072510_1_3,4,7.80685273291,3.13648899688,20.3505988583
6005152_1_2,3:627,6072510_1_3,6,7.80685273291,4.17095594435,19.9101904742
6005152_1_2,3:627,6104045_2_3,4,7.80685273291,3.13648899688,20.3505988583
6005152_1_2,3:627,6104045_2_3,6,7.80685273291,4.17095594435,19.9101904742
6005152_1_2,3:627,6105098_2_3,4,7.80685273291,3.13648899688,20.3505988583
6005152_1_2,3:627,6105098_2_3,6,7.80685273291,4.17095594435,19.9101904742
6006005_1_1,3:626,6031819_2_1,1,14.9463825335,9.123386894,7.6722578726
6006005_1_1,3:626,6104081_3_1,1,14.9463825335,9.123386894,7.6722578726
6006418_1_2,3:628,6031905_1_1,2,12.120890224,3.87155856702,27.3420013722
6007270_2_3,10:628,6026699_1_2,4,13.1091000213,10.653962729,8.37328912972
6007270_2_3,10:628,6026699_1_2,8,13.1091000213,11.6041998466,8.13567460808
6007270_2_3,10:629,6026699_1_2,1,13.1091000213,9.35653109347,8.86754349046
6007270_2_3,10:629,6026699_1_2,3,13.1091000213,10.5420015332,8.39310674219
6007270_2_3,10:629,6026699_1_2,8,13.1091000213,11.4634863243,7.99496108576
6010469_1_2,10:627,6011106_2_3,4,9.06920054139,4.95046586385,36.7506401327
6010990_2_5,10:R20,6105208_2_5,3,21.7516234327,14.9859685685,7.83893943734
6010990_2_5,10:R20,6072697_2_5,3,21.7516234327,14.9859685685,7.83893943734
6010990_2_5,10:R20,6035710_2_5,3,21.7516234327,14.9859685685,7.83893943734
6011054_2_5,3:R20,6105208_2_5,3,21.7516234327,14.9859685685,7.83893943734
6011054_2_5,3:R20,6072697_2_5,3,21.7516234327,14.9859685685,7.83893943734
6011054_2_5,3:R20,6035710_2_5,3,21.7516234327,14.9859685685,7.83893943734
6011603_2_2,10:B10,6071921_1_2,1,16.9488717483,10.3643932697,33.1551233102
6011603_2_2,10:D15,6071921_1_2,1,16.9488717483,9.61622881805,32.4069588586
6011603_2_2,10:D16,6071921_1_2,1,16.9488717483,9.44234805964,32.2330781002
6011603_2_2,10:D17,6071921_1_2,1,16.9488717483,9.15329740287,31.9440274434
6011639_2_2,10:D16,6029867_1_4,1,7.25852855425,3.78893771176,44.6058793781
6011639_2_2,10:D16,6026263_1_5,1,10.0719566338,5.13881453293,34.6215576956
6013691_1_2,3:244,6021153_1_3,1,15.6604866295,6.8158390431,31.076188858
6013691_1_2,3:243,6021153_1_3,1,15.6604866295,7.45917237643,31.7195221913
6013691_1_2,3:242,6021153_1_3,1,15.6604866295,8.36777822003,32.6281280349
6018309_1_2,3:629,6067994_1_5,1,14.5408708466,9.89237086348,28.4479477028
6018309_1_2,3:630,6067994_1_5,1,14.5408708466,7.04680971138,25.6023865507
6018309_1_2,3:630,6067994_1_5,2,14.5408708466,7.77964340564,25.1538712532
6018309_1_2,3:631,6067994_1_5,1,14.5408708466,6.91764462623,25.4732214655
6018309_1_2,3:631,6067994_1_5,2,14.5408708466,7.70201051715,25.0762383647
6020853_3_3,3:D19,6027185_1_5,14,15.750768885,11.3643528616,30.6659789481
6020853_3_3,3:D19,6027185_1_5,15,15.750768885,11.8460924774,30.1842393324
6020853_3_3,3:D20,6027185_1_5,18,15.750768885,12.2205935558,29.3187371035
6020960_2_1,3:D17,6026699_1_1,5,9.20624578086,6.65185513564,5.13303706435
6020960_2_1,3:D16,6026699_1_1,6,9.20624578086,6.95453258433,4.82364388348
6020960_2_1,3:D15,6026699_1_1,8,9.20624578086,7.55288861159,4.42634453547
6021671_1_3,10:D19,6027185_1_5,14,15.750768885,11.3643528616,30.6659789481
6021671_1_3,10:D19,6027185_1_5,15,15.750768885,11.8460924774,30.1842393324
6021671_1_3,10:D20,6027185_1_5,18,15.750768885,12.2205935558,29.3187371035
6023896_1_2,10:F12,6022080_2_5,13,12.7556455553,8.82157224174,42.2823620615
6023896_1_2,10:F12,6067195_2_4,14,20.218146602,15.4822460527,44.1341540513
6023896_1_2,10:F12,6022067_2_5,13,12.7556455553,8.82157224174,42.2823620615
6023896_1_2,10:F12,6027444_1_4,14,20.218146602,15.4822460527,44.1341540513
6023896_1_2,10:F12,6027450_2_4,14,20.218146602,15.4822460527,44.1341540513
6023896_1_2,10:F12,6022080_3_5,13,12.7556455553,8.82157224174,42.2823620615
6023896_1_2,10:D15,6022080_2_5,11,12.7556455553,8.50665753537,43.3163195219
6023896_1_2,10:D15,6022080_3_5,11,12.7556455553,8.50665753537,43.3163195219
6023896_1_2,10:D15,6022067_2_5,11,12.7556455553,8.50665753537,43.3163195219
6023896_1_2,10:D16,6022080_2_5,9,12.7556455553,8.21063366075,44.0159510226
6023896_1_2,10:D16,6022080_2_5,11,12.7556455553,9.56673121893,44.3763932055
6023896_1_2,10:D16,6022080_3_5,9,12.7556455553,8.21063366075,44.0159510226
6023896_1_2,10:D16,6022080_3_5,11,12.7556455553,9.56673121893,44.3763932055
6023896_1_2,10:D16,6022067_2_5,9,12.7556455553,8.21063366075,44.0159510226
6023896_1_2,10:D16,6022067_2_5,11,12.7556455553,9.56673121893,44.3763932055
6023896_1_2,10:D17,6022080_2_5,9,12.7556455553,8.97800384418,44.783321206
6023896_1_2,10:D17,6022080_3_5,9,12.7556455553,8.97800384418,44.783321206
6023896_1_2,10:D17,6022067_2_5,9,12.7556455553,8.97800384418,44.783321206
6024342_1_5,3:A31,6073386_1_3,14,17.3440711595,11.8000900521,17.5754837007
6024342_1_5,3:A31,6073386_1_3,17,17.3440711595,13.0464826067,17.2071101171
6025079_2_2,3:D15,6022080_2_5,11,12.7556455553,8.8566575387,15.5554550961
6025079_2_2,3:D15,6022080_3_5,11,12.7556455553,8.8566575387,15.5554550961
6025079_2_2,3:D15,6022067_2_5,11,12.7556455553,8.8566575387,15.5554550961
6025092_1_2,3:D15,6022080_2_5,11,12.7556455553,8.8566575387,15.5554550961
6025092_1_2,3:D15,6022080_3_5,11,12.7556455553,8.8566575387,15.5554550961
6025092_1_2,3:D15,6022067_2_5,11,12.7556455553,8.8566575387,15.5554550961
6026362_3_1,3:631,6068018_1_1,1,8.04048698748,4.63232857214,5.35985365779
6026362_3_1,3:631,6103026_2_1,1,8.04048698748,4.63232857214,5.35985365779
6026362_3_1,3:630,6068018_1_1,1,8.04048698748,4.26695524752,4.99448033317
6026362_3_1,3:630,6068018_1_1,4,8.04048698748,6.01185219365,4.72896713764
6026362_3_1,3:630,6103026_2_1,1,8.04048698748,4.26695524752,4.99448033317
6026362_3_1,3:630,6103026_2_1,4,8.04048698748,6.01185219365,4.72896713764
6026362_3_1,3:629,6068018_1_1,4,8.04048698748,5.26176807457,3.97888301856
6026362_3_1,3:629,6103026_2_1,4,8.04048698748,5.26176807457,3.97888301856
6028567_1_6,3:A30,6072982_1_3,1,17.0500618597,16.596704241,6.44872363223
6028567_1_6,3:A28,6072982_1_3,1,17.0500618597,16.3835070321,6.23552642342
6028567_1_6,3:A27,6072982_1_3,1,17.0500618597,16.2981948997,6.15021429098
6028927_1_3,3:R17,6065477_1_5,1,5.85721143361,1.79857233913,9.11260206309
6029725_1_4,3:126,6035599_1_4,1,11.2394274603,10.2677456531,9.06264832319
6029725_2_4,3:126,6035599_1_4,1,11.2394274603,10.2677456531,9.06264832319
6030473_2_4,10:126,6035599_1_4,1,11.2394274603,10.2677456531,9.06264832319
6030832_1_2,3:626,6035669_1_4,1,4.84428784625,0.690973872565,9.00899901205
6030887_1_1,3:121,6035733_1_1,6,7.79979116349,4.43392411069,8.20293441372
6030887_1_1,3:122,6035733_1_1,6,7.79979116349,4.48537433064,8.25438463366
6030887_1_2,10:120,6030217_1_2,11,14.5014914595,11.9891437323,5.33140232114
6030887_1_2,10:120,6069066_2_2,11,14.5014914595,11.9891437323,5.33140232114
6030915_1_8,10:121,6028005_1_3,1,15.9377285449,15.5962186983,5.64643213714
6030915_1_8,10:121,6101316_2_3,1,15.9377285449,15.5962186983,5.64643213714
6030915_1_8,10:120,6028005_1_3,1,15.9377285449,15.2487659516,5.29897939048
6030915_1_8,10:120,6101316_2_3,1,15.9377285449,15.2487659516,5.29897939048
6030915_1_8,10:119,6028005_1_3,1,15.9377285449,15.8487013972,5.89891483605
6030915_1_8,10:119,6101316_2_3,1,15.9377285449,15.8487013972,5.89891483605
6031044_3_8,10:121,6028005_1_3,1,15.9377285449,15.5962186983,5.64643213714
6031044_3_8,10:121,6101316_2_3,1,15.9377285449,15.5962186983,5.64643213714
6031044_3_8,10:120,6028005_1_3,1,15.9377285449,15.2487659516,5.29897939048
6031044_3_8,10:120,6101316_2_3,1,15.9377285449,15.2487659516,5.29897939048
6031044_3_8,10:119,6028005_1_3,1,15.9377285449,15.8487013972,5.89891483605
6031044_3_8,10:119,6101316_2_3,1,15.9377285449,15.8487013972,5.89891483605
6031283_2_2,3:D20,6022080_2_5,1,12.7556455553,7.94507795984,7.08155743316
6031283_2_2,3:D20,6022067_2_5,1,12.7556455553,7.94507795984,7.08155743316
6031283_2_2,3:D20,6022080_3_5,1,12.7556455553,7.94507795984,7.08155743316
6031283_2_2,3:D19,6022080_2_5,6,12.7556455553,9.62137147781,6.2790078537
6031283_2_2,3:D19,6022067_2_5,6,12.7556455553,9.62137147781,6.2790078537
6031283_2_2,3:D19,6022080_3_5,6,12.7556455553,9.62137147781,6.2790078537
6031283_2_2,3:D18,6022080_2_5,7,12.7556455553,9.89417276466,5.94975967179
6031283_2_2,3:D18,6022067_2_5,7,12.7556455553,9.89417276466,5.94975967179
6031283_2_2,3:D18,6022080_3_5,7,12.7556455553,9.89417276466,5.94975967179
6031869_1_1,10:630,6068018_1_1,1,8.04048698748,5.12470838953,5.0007920953
6031869_1_1,10:630,6068018_1_1,4,8.04048698748,6.879605339,4.7452789031
6031869_1_1,10:630,6103026_2_1,1,8.04048698748,5.12470838953,5.0007920953
6031869_1_1,10:630,6103026_2_1,4,8.04048698748,6.879605339,4.7452789031
6031869_1_1,10:631,6068018_1_1,1,8.04048698748,5.09780001011,4.97388371588
6031869_1_1,10:631,6103026_2_1,1,8.04048698748,5.09780001011,4.97388371588
6031869_1_1,3:901,6068018_1_1,1,8.04048698748,5.65681234897,5.53289605473
6031869_1_1,3:901,6103026_2_1,1,8.04048698748,5.65681234897,5.53289605473
6031981_1_1,3:626,6035985_1_1,1,12.8575320702,4.43372662615,34.0580883188
6031981_1_1,3:626,6072939_2_1,1,12.8575320702,4.43372662615,34.0580883188
6031981_1_1,3:626,6035985_2_1,1,12.8575320702,4.43372662615,34.0580883188
6032076_1_1,10:626,6035422_1_1,1,13.5656526755,6.63968315333,11.1847252517
6032508_1_1,3:627,6035175_1_3,1,4.59497391849,1.55609473502,15.3198249511
6032508_1_1,3:628,6035175_1_3,1,4.59497391849,1.05521145549,14.8189416715
6032642_2_2,10:631,6068388_1_3,1,6.82839690691,2.01927011541,24.1188442204
6032642_2_2,10:631,6068388_1_3,4,6.82839690691,2.66508041356,23.4728630452
6032831_1_2,10:125,6029347_1_2,5,8.17702363217,3.4597405126,5.35034907749
6032831_1_2,10:125,6029347_1_2,8,8.17702363217,4.11592111488,4.46083514187
6032847_1_2,3:122,6007906_1_3,2,35.0752378174,31.6056311676,11.3383505766
6032847_1_2,3:122,6007906_1_3,4,35.0752378174,32.2268330302,10.9804457271
6032847_1_2,3:122,6054183_2_3,2,35.0752378174,31.6056311676,11.3383505766
6032847_1_2,3:122,6054183_2_3,4,35.0752378174,32.2268330302,10.9804457271
6032847_1_2,3:122,6007906_3_3,2,35.0752378174,31.6056311676,11.3383505766
6032847_1_2,3:122,6007906_3_3,4,35.0752378174,32.2268330302,10.9804457271
6032847_1_2,3:121,6007906_1_3,2,35.0752378174,31.2853048208,11.0180242299
6032847_1_2,3:121,6007906_1_3,4,35.0752378174,31.8207784798,10.5743911767
6032847_1_2,3:121,6007906_1_3,7,35.0752378174,33.1605568509,10.3588779349
6032847_1_2,3:121,6054183_2_3,2,35.0752378174,31.2853048208,11.0180242299
6032847_1_2,3:121,6054183_2_3,4,35.0752378174,31.8207784798,10.5743911767
6032847_1_2,3:121,6054183_2_3,7,35.0752378174,33.1605568509,10.3588779349
6032847_1_2,3:121,6007906_3_3,2,35.0752378174,31.2853048208,11.0180242299
6032847_1_2,3:121,6007906_3_3,4,35.0752378174,31.8207784798,10.5743911767
6032847_1_2,3:121,6007906_3_3,7,35.0752378174,33.1605568509,10.3588779349
6032847_1_2,3:120,6007906_1_3,2,35.0752378174,30.9961302957,10.7288497047
6032847_1_2,3:120,6007906_1_3,4,35.0752378174,31.6328427616,10.3864554585
6032847_1_2,3:120,6007906_1_3,7,35.0752378174,33.0213014632,10.2196225471
6032847_1_2,3:120,6054183_2_3,2,35.0752378174,30.9961302957,10.7288497047
6032847_1_2,3:120,6054183_2_3,4,35.0752378174,31.6328427616,10.3864554585
6032847_1_2,3:120,6054183_2_3,7,35.0752378174,33.0213014632,10.2196225471
6032847_1_2,3:120,6007906_3_3,2,35.0752378174,30.9961302957,10.7288497047
6032847_1_2,3:120,6007906_3_3,4,35.0752378174,31.6328427616,10.3864554585
6032847_1_2,3:120,6007906_3_3,7,35.0752378174,33.0213014632,10.2196225471
6032847_1_2,3:119,6007906_1_3,7,35.0752378174,30.8863767775,8.08469786144
6032847_1_2,3:119,6054183_2_3,7,35.0752378174,30.8863767775,8.08469786144
6032847_1_2,3:119,6007906_3_3,7,35.0752378174,30.8863767775,8.08469786144
6032847_2_2,3:122,6007906_1_3,2,35.0752378174,31.6056311676,11.3383505766
6032847_2_2,3:122,6007906_1_3,4,35.0752378174,32.2268330302,10.9804457271
6032847_2_2,3:122,6054183_2_3,2,35.0752378174,31.6056311676,11.3383505766
6032847_2_2,3:122,6054183_2_3,4,35.0752378174,32.2268330302,10.9804457271
6032847_2_2,3:122,6007906_3_3,2,35.0752378174,31.6056311676,11.3383505766
6032847_2_2,3:122,6007906_3_3,4,35.0752378174,32.2268330302,10.9804457271
6032847_2_2,3:121,6007906_1_3,2,35.0752378174,31.2853048208,11.0180242299
6032847_2_2,3:121,6007906_1_3,4,35.0752378174,31.8207784798,10.5743911767
6032847_2_2,3:121,6007906_1_3,7,35.0752378174,33.1605568509,10.3588779349
6032847_2_2,3:121,6054183_2_3,2,35.0752378174,31.2853048208,11.0180242299
6032847_2_2,3:121,6054183_2_3,4,35.0752378174,31.8207784798,10.5743911767
6032847_2_2,3:121,6054183_2_3,7,35.0752378174,33.1605568509,10.3588779349
6032847_2_2,3:121,6007906_3_3,2,35.0752378174,31.2853048208,11.0180242299
6032847_2_2,3:121,6007906_3_3,4,35.0752378174,31.8207784798,10.5743911767
6032847_2_2,3:121,6007906_3_3,7,35.0752378174,33.1605568509,10.3588779349
6032847_2_2,3:120,6007906_1_3,2,35.0752378174,30.9961302957,10.7288497047
6032847_2_2,3:120,6007906_1_3,4,35.0752378174,31.6328427616,10.3864554585
6032847_2_2,3:120,6007906_1_3,7,35.0752378174,33.0213014632,10.2196225471
6032847_2_2,3:120,6054183_2_3,2,35.0752378174,30.9961302957,10.7288497047
6032847_2_2,3:120,6054183_2_3,4,35.0752378174,31.6328427616,10.3864554585
6032847_2_2,3:120,6054183_2_3,7,35.0752378174,33.0213014632,10.2196225471
6032847_2_2,3:120,6007906_3_3,2,35.0752378174,30.9961302957,10.7288497047
6032847_2_2,3:120,6007906_3_3,4,35.0752378174,31.6328427616,10.3864554585
6032847_2_2,3:120,6007906_3_3,7,35.0752378174,33.0213014632,10.2196225471
6032847_2_2,3:119,6007906_1_3,7,35.0752378174,30.8863767775,8.08469786144
6032847_2_2,3:119,6054183_2_3,7,35.0752378174,30.8863767775,8.08469786144
6032847_2_2,3:119,6007906_3_3,7,35.0752378174,30.8863767775,8.08469786144
6033182_1_2,10:121,6103404_2_5,9,10.4933611254,5.53504471023,17.4806213203
6033182_1_2,10:121,6030341_1_5,9,10.4933611254,5.53504471023,17.4806213203
6033327_1_2,10:127,6066590_1_2,6,10.2288341701,5.73332419633,24.6235512617
6033327_1_2,10:126,6066590_1_2,5,10.2288341701,5.02598122867,25.5433055398
6033327_1_2,10:126,6066590_1_2,6,10.2288341701,5.89964581256,24.7898728779
6033645_1_1,3:213,6084792_1_1,7,9.49438017384,5.11875099507,30.8392390869
6033645_1_1,3:213,6084792_2_1,7,9.49438017384,5.11875099507,30.8392390869
6034837_3_2,10:126,6028436_2_3,5,8.56156094094,3.89823234959,29.8531015826
6034837_3_2,10:126,6028436_2_3,8,8.56156094094,4.41930006864,29.2756133354
6034837_3_2,10:126,6028436_2_3,10,8.56156094094,5.92626688225,29.7378038427
6034837_3_2,10:126,6028436_1_3,5,8.56156094094,3.89823234959,29.8531015826
6034837_3_2,10:126,6028436_1_3,8,8.56156094094,4.41930006864,29.2756133354
6034837_3_2,10:126,6028436_1_3,10,8.56156094094,5.92626688225,29.7378038427
6034837_3_2,10:125,6028436_2_3,1,8.56156094094,3.72069217405,31.1050719954
6034837_3_2,10:125,6028436_2_3,5,8.56156094094,4.69211413154,30.6469833646
6034837_3_2,10:125,6028436_2_3,8,8.56156094094,5.146834749,30.0031480157
6034837_3_2,10:125,6028436_2_3,10,8.56156094094,6.28285461145,30.0943915719
6034837_3_2,10:125,6028436_1_3,1,8.56156094094,3.72069217405,31.1050719954
6034837_3_2,10:125,6028436_1_3,5,8.56156094094,4.69211413154,30.6469833646
6034837_3_2,10:125,6028436_1_3,8,8.56156094094,5.146834749,30.0031480157
6034837_3_2,10:125,6028436_1_3,10,8.56156094094,6.28285461145,30.0943915719
6034837_3_2,10:124,6028436_2_3,1,8.56156094094,4.65578344307,32.0401632644
6034837_3_2,10:124,6028436_2_3,5,8.56156094094,5.73734367937,31.6922129124
6034837_3_2,10:124,6028436_2_3,8,8.56156094094,5.99064247128,30.846955738
6034837_3_2,10:124,6028436_1_3,1,8.56156094094,4.65578344307,32.0401632644
6034837_3_2,10:124,6028436_1_3,5,8.56156094094,5.73734367937,31.6922129124
6034837_3_2,10:124,6028436_1_3,8,8.56156094094,5.99064247128,30.846955738
6034937_2_2,3:126,6028436_2_3,5,8.56156094094,3.89823234959,29.8531015826
6034937_2_2,3:126,6028436_2_3,8,8.56156094094,4.41930006864,29.2756133354
6034937_2_2,3:126,6028436_2_3,10,8.56156094094,5.92626688225,29.7378038427
6034937_2_2,3:126,6028436_1_3,5,8.56156094094,3.89823234959,29.8531015826
6034937_2_2,3:126,6028436_1_3,8,8.56156094094,4.41930006864,29.2756133354
6034937_2_2,3:126,6028436_1_3,10,8.56156094094,5.92626688225,29.7378038427
6034937_2_2,3:125,6028436_2_3,1,8.56156094094,3.72069217405,31.1050719954
6034937_2_2,3:125,6028436_2_3,5,8.56156094094,4.69211413154,30.6469833646
6034937_2_2,3:125,6028436_2_3,8,8.56156094094,5.146834749,30.0031480157
6034937_2_2,3:125,6028436_2_3,10,8.56156094094,6.28285461145,30.0943915719
6034937_2_2,3:125,6028436_1_3,1,8.56156094094,3.72069217405,31.1050719954
6034937_2_2,3:125,6028436_1_3,5,8.56156094094,4.69211413154,30.6469833646
6034937_2_2,3:125,6028436_1_3,8,8.56156094094,5.146834749,30.0031480157
6034937_2_2,3:125,6028436_1_3,10,8.56156094094,6.28285461145,30.0943915719
6034937_2_2,3:124,6028436_2_3,1,8.56156094094,4.65578344307,32.0401632644
6034937_2_2,3:124,6028436_2_3,5,8.56156094094,5.73734367937,31.6922129124
6034937_2_2,3:124,6028436_2_3,8,8.56156094094,5.99064247128,30.846955738
6034937_2_2,3:124,6028436_1_3,1,8.56156094094,4.65578344307,32.0401632644
6034937_2_2,3:124,6028436_1_3,5,8.56156094094,5.73734367937,31.6922129124
6034937_2_2,3:124,6028436_1_3,8,8.56156094094,5.99064247128,30.846955738
6035016_1_1,3:110,6033603_2_1,4,34.1861149466,31.968370772,9.24500790331
6035016_1_1,3:110,6033603_5_1,4,34.1861149466,31.968370772,9.24500790331
6035016_1_1,3:111,6033603_2_1,1,34.1861149466,30.8774974231,8.62749342881
6035016_1_1,3:111,6033603_5_1,1,34.1861149466,30.8774974231,8.62749342881
6035016_1_1,3:112,6033603_2_1,1,34.1861149466,31.8389963599,9.58899236564
6035016_1_1,3:112,6033603_5_1,1,34.1861149466,31.8389963599,9.58899236564
6035487_1_4,10:629,6072499_1_3,7,9.44309050208,5.68977457246,8.4053014521
6035741_1_1,10:626,6104081_3_1,1,14.9463825335,11.7302265624,10.0668698294
6035741_1_1,10:626,6031819_2_1,1,14.9463825335,11.7302265624,10.0668698294
6035741_1_1,10:627,6104081_3_1,1,14.9463825335,11.4719589882,9.80860225518
6035741_1_1,10:627,6031819_2_1,1,14.9463825335,11.4719589882,9.80860225518
6035741_1_1,10:629,6078093_3_1,7,12.7753309006,9.29579404508,6.41099280309
6035741_1_1,10:629,6043609_1_1,7,12.7753309006,9.29579404508,6.41099280309
6036103_1_2,3:631,6026699_1_1,6,9.20624578086,7.45582985229,4.32213224253
6036103_1_2,3:631,6026699_1_1,8,9.20624578086,8.25888973269,4.12953674765
6036103_2_2,3:631,6026699_1_1,6,9.20624578086,7.45582985229,4.32213224253
6036103_2_2,3:631,6026699_1_1,8,9.20624578086,8.25888973269,4.12953674765
6036477_1_1,10:G21,6078093_3_1,3,12.7753309006,7.00652036576,10.1223454736
6036477_1_1,10:G21,6043609_1_1,3,12.7753309006,7.00652036576,10.1223454736
6036477_1_1,10:R11,6078093_3_1,7,12.7753309006,9.29579404508,8.84425212396
6036477_1_1,10:R11,6043609_1_1,7,12.7753309006,9.29579404508,8.84425212396
6036477_2_1,10:G20,6078093_3_1,3,12.7753309006,8.1892798697,27.7878297979
6036477_2_1,10:G20,6043609_1_1,3,12.7753309006,8.1892798697,27.7878297979
6036477_2_1,10:G21,6078093_3_1,3,12.7753309006,7.00652036576,26.605070294
6036477_2_1,10:G21,6043609_1_1,3,12.7753309006,7.00652036576,26.605070294
6036477_2_1,10:R11,6078093_3_1,7,12.7753309006,9.29579404508,25.3269769444
6036477_2_1,10:R11,6043609_1_1,7,12.7753309006,9.29579404508,25.3269769444
6036859_2_2,10:R13,6029867_1_4,1,7.25852855425,3.12572804169,20.4335748253
6036859_2_2,10:R13,6029867_1_4,4,7.25852855425,3.99160885591,19.7902184916
6036865_2_2,3:R13,6029867_1_4,1,7.25852855425,3.12572804169,20.4335748253
6036865_2_2,3:R13,6029867_1_4,4,7.25852855425,3.99160885591,19.7902184916
6037020_2_1,3:G21,6078093_3_1,3,12.7753309006,7.00652036576,10.1223454736
6037020_2_1,3:G21,6043609_1_1,3,12.7753309006,7.00652036576,10.1223454736
6037020_2_1,3:R11,6078093_3_1,7,12.7753309006,9.29579404508,8.84425212396
6037020_2_1,3:R11,6043609_1_1,7,12.7753309006,9.29579404508,8.84425212396
6037461_1_1,10:131,6067397_1_1,1,13.5874099811,13.1212727894,6.07043841482
6037490_2_1,10:131,6067397_1_1,1,13.5874099811,13.1212727894,6.07043841482
6037578_1_1,11:R14,6035391_1_1,5,8.65272072693,3.51987098314,9.10771187454
6037578_1_1,11:R14,6035391_1_1,7,8.65272072693,5.64603322154,9.48703090834
6037578_1_1,11:R14,6103195_2_1,5,8.65272072693,3.51987098314,9.10771187454
6037578_1_1,11:R14,6103195_2_1,7,8.65272072693,5.64603322154,9.48703090834
6037578_1_1,11:R15,6035391_1_1,7,8.65272072693,4.90955790407,8.75055559087
6037578_1_1,11:R15,6103195_2_1,7,8.65272072693,4.90955790407,8.75055559087
6037578_1_1,11:R16,6035391_1_1,7,8.65272072693,5.94932751349,9.7903252003
6037578_1_1,11:R16,6103195_2_1,7,8.65272072693,5.94932751349,9.7903252003
6042112_1_4,10:629,6026699_1_2,1,13.1091000213,6.32617363093,26.8061380107
6042112_1_4,10:629,6026699_1_2,3,13.1091000213,7.51164407064,26.3317012624
6042112_1_4,10:629,6026699_1_2,8,13.1091000213,8.43312886175,25.933555606
6042112_2_4,10:629,6026699_1_2,1,13.1091000213,6.32617363093,26.8061380107
6042112_2_4,10:629,6026699_1_2,3,13.1091000213,7.51164407064,26.3317012624
6042112_2_4,10:629,6026699_1_2,8,13.1091000213,8.43312886175,25.933555606
6042178_1_3,3:640,6011123_1_5,6,13.4086724569,7.02245294346,30.225398796
6042245_1_4,10:R16,6029867_1_4,1,7.25852855425,4.01554329012,28.3378220457
6042245_1_4,10:R15,6029867_1_4,1,7.25852855425,3.61991056723,27.9421893229
6042245_1_4,10:R14,6029867_1_4,1,7.25852855425,2.96679309758,27.2890718532
6042245_1_4,10:R14,6029867_1_4,4,7.25852855425,3.82287191895,26.6359135267
6042982_1_1,3:D17,6026699_1_1,5,9.20624578086,7.92000719342,4.59218862298
6043492_3_1,10:712,6077968_1_1,1,19.2584549388,10.3695613436,36.2481992289
6043492_3_1,10:712,6077968_1_1,3,19.2584549388,12.2550748761,36.3338619502
6043492_4_1,10:712,6077968_1_1,1,19.2584549388,10.3695613436,36.2481992289
6043492_4_1,10:712,6077968_1_1,3,19.2584549388,12.2550748761,36.3338619502
6043822_1_1,3:723,6035422_1_2,4,6.62947616725,4.68237534591,4.43593401104
6043822_1_1,3:723,6035422_1_2,6,6.62947616725,5.4854352263,4.24333851616
6052563_1_4,4:A12N,6052563_1_5,1,13.1133099658,10.4035835845,4.29027361865
6052563_1_4,4:A12N,6052563_1_5,5,13.1133099658,12.3925735143,4.90688957707
6052563_1_4,4:A11N,6052563_1_5,1,13.1133099658,10.5354573922,4.42214742642
6052563_1_4,4:A11N,6052563_1_5,5,13.1133099658,11.7939232658,4.30823932855
6053864_1_2,10:D15,6068278_1_2,8,16.1874558404,11.948319561,17.6811539564
6054760_3_4,8:633,6035842_2_2,1,10.5981988405,9.21249537897,5.5022319666
6054760_3_4,8:632,6035842_2_2,1,10.5981988405,9.08407652043,5.37381310806
6055186_5_4,5:633,6035842_2_2,1,10.5981988405,9.21249537897,5.5022319666
6055186_5_4,5:632,6035842_2_2,1,10.5981988405,9.08407652043,5.37381310806
6056334_1_3,10:F18,6059753_1_4,9,16.6187385775,14.546041028,6.55012590526
6056334_1_3,10:A41,6059753_1_4,9,16.6187385775,14.2665369828,6.27062186001
6056334_1_3,10:A41,6059753_1_4,11,16.6187385775,15.5260247465,6.00037500002
6056334_1_3,10:F20,6059753_1_4,11,16.6187385775,15.3316785389,5.80602879235
6056414_1_1,10:D15,6068018_1_1,3,8.04048698748,5.21202188903,4.27834578159
6056414_1_1,10:D15,6103026_2_1,3,8.04048698748,5.21202188903,4.27834578159
6057344_1_1,3:632,6027204_1_2,3,6.82904189132,5.48180692611,5.44211125722
6057408_1_1,10:L06,6067397_1_1,4,13.5874099811,13.3838670944,6.93820147094
6057510_1_4,10:D14,6068278_1_1,2,12.9279769005,10.3120699915,5.62475225674
6057510_1_4,10:A25,6068278_1_1,1,12.9279769005,9.92465304894,6.17705797889
6057510_1_4,10:A25,6068278_1_1,2,12.9279769005,10.2845143813,5.59719664653
6057510_1_4,10:A27,6068278_1_1,2,12.9279769005,10.1821179543,5.49480021951
6057510_1_4,10:A27,6068278_1_1,3,12.9279769005,11.2239634048,4.30325654498
6057510_1_4,10:A27,6068278_1_1,4,12.9279769005,12.1972525309,4.42564177714
6057510_1_4,10:A28,6068278_1_1,3,12.9279769005,11.3033050282,4.38259816843
6057510_1_4,10:A28,6068278_1_1,4,12.9279769005,11.7799256713,4.00831491751
6058434_1_1,10:631,6072815_1_5,1,6.47608296877,5.25315371088,5.01705820317
6058434_1_1,10:631,6072815_1_5,6,6.47608296877,6.43377941364,4.61480652738
6058776_2_2,3:251,6063673_1_3,1,34.3536813056,31.8926937751,5.3058678566
6058878_2_2,3:251,6063673_1_3,1,34.3536813056,31.8926937751,5.3058678566
6059737_2_3,3:D17,6056214_1_4,1,22.9593682645,10.073862021,19.392539912
6060408_1_1,3:D18,6067397_1_1,4,13.5874099811,9.77340172834,9.42453359784
6060408_1_1,3:D18,6067397_1_1,6,13.5874099811,11.2898882528,8.89139681026
6060408_1_2,3:F14,6067994_1_5,9,14.5408708466,9.15985748813,25.5506026183
6060408_1_2,3:F14,6067994_1_5,11,14.5408708466,9.60658284801,25.1038772584
6060408_1_2,3:F15,6067994_1_5,9,14.5408708466,9.42804276516,25.8187878953
6060997_1_1,10:R20,6067397_1_1,2,13.5874099811,10.6011772323,5.73423201543
6060997_1_1,10:R20,6067397_1_1,5,13.5874099811,11.3754839464,5.3168439106
6061249_1_2,3:A36,6066257_1_2,1,5.4094387516,0.932590102346,18.9938305823
6061406_1_3,10:L06,6066152_1_5,6,15.1705171109,9.86577688667,20.8440685239
6061406_1_3,10:L06,6066152_1_5,8,15.1705171109,10.4167527661,20.4552331932
6062320_1_1,10:631,6028743_2_2,1,13.1830792111,11.169699852,3.98662064094
6062320_1_1,10:631,6072616_2_2,1,13.1830792111,11.169699852,3.98662064094
6062649_1_2,3:D16,6056214_1_4,1,22.9593682645,12.9898057728,33.9913287754
6062649_1_2,3:D17,6056214_1_4,1,22.9593682645,12.873862021,33.8753850235
6063378_1_1,3:R14,6068018_1_1,5,8.04048698748,7.74298170237,4.35219184137
6063378_1_1,3:R14,6103026_2_1,5,8.04048698748,7.74298170237,4.35219184137
6063777_2_4,3:631,6056214_1_4,1,22.9593682645,10.1464724395,24.0653633425
6063777_2_4,3:631,6056214_1_4,5,22.9593682645,13.5028353336,23.6282857967
6063777_2_4,3:640,6056214_1_4,7,22.9593682645,16.4748116607,18.082290976
6063798_1_4,3:631,6056214_1_4,1,22.9593682645,10.1464724395,24.0653633425
6063798_1_4,3:631,6056214_1_4,5,22.9593682645,13.5028353336,23.6282857967
6063798_1_4,3:640,6056214_1_4,7,22.9593682645,16.4748116607,18.082290976
6065050_1_1,10:A25,6068162_1_3,1,7.84703400062,6.52827169229,5.21204542184
6065050_1_1,10:A25,6068162_1_3,1,7.84703400062,6.52827169229,5.21204542184
6065050_1_1,10:D14,6068162_1_3,1,7.84703400062,7.18323166284,5.86700539239
6065477_1_8,10:629,6067331_1_2,1,12.7404221218,9.99086391354,8.14675175405
6065477_1_8,10:629,6067391_2_2,1,12.7404221218,9.99086391354,8.14675175405
6065477_1_8,10:630,6067331_1_2,1,12.7404221218,9.61903355485,7.77492139536
6065477_1_8,10:630,6067391_2_2,1,12.7404221218,9.61903355485,7.77492139536
6065477_1_8,10:631,6067331_1_2,4,12.7404221218,11.1247527678,6.23876392719
6065477_1_8,10:631,6067391_2_2,4,12.7404221218,11.1247527678,6.23876392719
6065477_1_8,10:632,6072982_1_3,1,17.0500618597,14.2901387988,5.16144275107
6065477_1_8,10:632,6072982_1_3,3,17.0500618597,14.746574634,4.70500691588
6065477_1_8,10:632,6067331_1_2,4,12.7404221218,10.8035538143,5.91756497372
6065477_1_8,10:632,6067331_1_2,6,12.7404221218,11.613134142,5.35131806063
6065477_1_8,10:632,6067391_2_2,4,12.7404221218,10.8035538143,5.91756497372
6065477_1_8,10:632,6067391_2_2,6,12.7404221218,11.613134142,5.35131806063
6065788_1_1,10:D15,6027204_1_2,4,6.82904189132,4.22047299935,3.70599551649
6066423_2_1,3:631,6068018_1_1,1,8.04048698748,4.63232857214,5.35985365779
6066423_2_1,3:631,6103026_2_1,1,8.04048698748,4.63232857214,5.35985365779
6066423_2_1,3:630,6068018_1_1,1,8.04048698748,4.26695524752,4.99448033317
6066423_2_1,3:630,6068018_1_1,4,8.04048698748,6.01185219365,4.72896713764
6066423_2_1,3:630,6103026_2_1,1,8.04048698748,4.26695524752,4.99448033317
6066423_2_1,3:630,6103026_2_1,4,8.04048698748,6.01185219365,4.72896713764
6066423_2_1,3:629,6068018_1_1,4,8.04048698748,5.26176807457,3.97888301856
6066423_2_1,3:629,6103026_2_1,4,8.04048698748,5.26176807457,3.97888301856
6066653_1_1,10:L03,6067397_1_1,2,13.5874099811,6.67295702249,27.7702864247
6066653_1_1,10:L03,6067397_1_1,5,13.5874099811,7.45626446889,27.3618990522
6066786_1_2,3:D15,6071921_1_2,1,16.9488717483,15.3594567055,7.12388065349
6066786_1_2,3:D16,6071921_1_2,1,16.9488717483,15.3098812157,7.07430516362
6066786_1_2,3:D17,6071921_1_2,1,16.9488717483,15.0248034497,6.78922739768
6066793_1_2,3:A27,6068278_1_2,8,16.1874558404,11.624537987,7.3153925446
6067479_1_4,10:L02,6069041_1_2,1,16.1212006041,14.3390166184,5.57491140233
6067479_1_4,10:L01,6069041_1_2,1,16.1212006041,14.6917834413,5.92767822522
6067497_1_2,3:633,6022080_3_6,5,15.4899575723,10.8328189041,6.67383708438
6067497_1_2,3:633,6022080_2_6,5,15.4899575723,10.8328189041,6.67383708438
6067497_1_2,3:633,6022067_2_6,5,15.4899575723,10.8328189041,6.67383708438
6067497_1_2,3:632,6022080_3_6,2,15.4899575723,8.23680077035,5.73087863018
6067497_1_2,3:632,6022080_2_6,2,15.4899575723,8.23680077035,5.73087863018
6067497_1_2,3:632,6022067_2_6,2,15.4899575723,8.23680077035,5.73087863018
6067994_2_5,4:630N,6104276_1_7,1,9.15182424326,7.19434088838,6.66122973067
6067994_2_5,4:629N,6104276_1_7,1,9.15182424326,7.05919192926,6.52608077154
6067994_2_5,4:629N,6104276_1_7,5,9.15182424326,7.77512592292,5.76492424599
6067994_2_5,4:628N,6104276_1_7,1,9.15182424326,6.77651821421,6.2434070565
6067994_2_5,4:628N,6104276_1_7,5,9.15182424326,7.63848577574,5.62828409881
6068563_1_4,10:634,6072616_1_2,2,14.824101069,8.92112432441,9.4455524333
6068563_1_4,10:631,6072616_1_2,4,14.824101069,7.83290870987,7.62771366999
6068563_1_4,10:631,6072616_1_2,7,14.824101069,9.0352053692,7.58028877956
6068563_1_4,10:630,6072616_1_2,7,14.824101069,8.78022583512,7.32530924548
6069399_1_1,3:120,6069041_1_1,1,14.6197945962,14.2396595668,12.4239395577
6069547_3_8,10:121,6028005_1_3,1,15.9377285449,15.5962186983,5.64643213714
6069547_3_8,10:121,6101316_2_3,1,15.9377285449,15.5962186983,5.64643213714
6069547_3_8,10:120,6028005_1_3,1,15.9377285449,15.2487659516,5.29897939048
6069547_3_8,10:120,6101316_2_3,1,15.9377285449,15.2487659516,5.29897939048
6069547_3_8,10:119,6028005_1_3,1,15.9377285449,15.8487013972,5.89891483605
6069547_3_8,10:119,6101316_2_3,1,15.9377285449,15.8487013972,5.89891483605
6069645_1_2,10:A15,6025391_2_3,1,25.9866396203,20.6639866057,9.59653831741
6069645_1_2,10:A15,6065846_1_3,1,25.9866396203,20.6639866057,9.59653831741
6069645_1_2,10:A16,6025391_2_3,1,25.9866396203,20.4917805058,9.42433221758
6069645_1_2,10:A16,6025391_2_3,3,25.9866396203,21.0522087823,9.0772372745
6069645_1_2,10:A16,6025391_2_3,6,25.9866396203,22.8116456635,8.81315308599
6069645_1_2,10:A16,6065846_1_3,1,25.9866396203,20.4917805058,9.42433221758
6069645_1_2,10:A16,6065846_1_3,3,25.9866396203,21.0522087823,9.0772372745
6069645_1_2,10:A16,6065846_1_3,6,25.9866396203,22.8116456635,8.81315308599
6069645_1_2,10:A17,6025391_2_3,1,25.9866396203,20.1323792693,9.06493098102
6069645_1_2,10:A17,6025391_2_3,3,25.9866396203,20.6928075457,8.71783603795
6069645_1_2,10:A17,6025391_2_3,6,25.9866396203,22.5826752995,8.58418272199
6069645_1_2,10:A17,6065846_1_3,1,25.9866396203,20.1323792693,9.06493098102
6069645_1_2,10:A17,6065846_1_3,3,25.9866396203,20.6928075457,8.71783603795
6069645_1_2,10:A17,6065846_1_3,6,25.9866396203,22.5826752995,8.58418272199
6069645_1_2,10:A18,6025391_2_3,3,25.9866396203,20.4717361911,8.49676468337
6069645_1_2,10:A18,6065846_1_3,3,25.9866396203,20.4717361911,8.49676468337
6069878_1_7,3:R13,6035237_1_2,1,7.5160278035,6.4301552207,5.86772001207
6070541_1_1,8:638,6065506_1_2,1,9.01762395353,7.90861746299,4.89099350946
6070541_1_1,8:639,6065506_1_2,1,9.01762395353,7.76019115909,4.74256720556
6072105_1_2,3:631,6068388_1_3,1,6.82839690691,2.01927011541,24.1188442204
6072105_1_2,3:631,6068388_1_3,4,6.82839690691,2.66508041356,23.4728630452
6072727_1_2,3:625,6065846_1_2,9,30.9202166203,27.5466393666,5.31801022266
6072727_1_2,3:625,6065846_1_2,11,30.9202166203,28.9796249722,4.85327287091
6072727_1_2,3:625,6025391_2_2,9,30.9202166203,27.5466393666,5.31801022266
6072727_1_2,3:625,6025391_2_2,11,30.9202166203,28.9796249722,4.85327287091
6073410_4_2,10:R13,6029867_1_4,1,7.25852855425,3.12572804169,20.4335748253
6073410_4_2,10:R13,6029867_1_4,4,7.25852855425,3.99160885591,19.7902184916
6073440_1_1,3:R14,6072815_1_6,1,7.76157840042,2.38078997692,7.78786627729
6073440_1_1,3:R14,6072815_1_6,6,7.76157840042,3.07118752789,7.09746872633
6073440_1_1,3:R15,6072815_1_6,6,7.76157840042,3.07118752789,7.09746872633
6073440_1_2,10:R18,6065545_2_4,1,7.21827008315,1.91784838737,29.1213143326
6073440_1_2,10:R18,6065545_2_4,5,7.21827008315,3.22818001789,28.9839292045
6073440_1_2,10:R17,6065545_2_4,1,7.21827008315,2.23618840137,29.4396543466
6073440_1_2,10:R17,6065545_2_4,5,7.21827008315,3.26551742457,29.0212666112
6073440_1_2,10:R16,6065545_2_4,1,7.21827008315,2.68004400721,29.8835099525
6073542_2_3,3:R11,6068388_2_2,6,10.0437634781,6.80666409709,17.4454229296
6073616_1_3,3:631,6056214_1_4,1,22.9593682645,17.8459641067,5.24023112974
6073616_1_3,3:631,6056214_1_4,5,22.9593682645,21.8023270008,5.40315358393
6073616_2_1,3:F11,6068388_1_1,5,10.5225332524,7.30271376845,4.57707360125
6073640_1_3,10:D20,6073662_1_2,6,10.1058805395,5.69096432608,30.9479762933
6073640_1_3,10:D19,6073662_1_2,5,10.1058805395,6.01146083084,32.1257115694
6073640_1_3,10:D19,6073662_1_2,6,10.1058805395,6.30674688649,31.5637588537
6073640_1_3,10:D19,6073662_1_2,8,10.1058805395,6.69878459058,30.8170875975
6073640_2_3,3:R11,6068388_2_2,6,10.0437634781,6.80666409709,17.4454229296
6073640_3_3,3:R11,6068388_2_2,6,10.0437634781,6.80666409709,17.4454229296
6073851_1_2,3:137,6065846_1_2,1,30.9202166203,18.1143613299,37.244335075
6073851_1_2,3:137,6025391_2_2,1,30.9202166203,18.1143613299,37.244335075
6075036_1_3,3:133,6069041_1_2,1,16.1212006041,14.6478302383,5.50150884609
6077152_1_2,3:D16,6068388_1_3,4,6.82839690691,2.4341929308,24.1437076042
6077152_1_2,3:D15,6068388_1_3,1,6.82839690691,1.96819019597,24.9694963427
6077152_1_2,3:D15,6068388_1_3,4,6.82839690691,2.76393811293,24.4734527863
6077454_2_1,3:D17,6026699_1_1,5,9.20624578086,7.92000719342,4.59218862298
6078074_1_1,3:712,6077968_1_1,1,19.2584549388,10.3695613436,36.2481992289
6078074_1_1,3:712,6077968_1_1,3,19.2584549388,12.2550748761,36.3338619502
6078074_3_1,3:712,6077968_1_1,1,19.2584549388,10.3695613436,36.2481992289
6078074_3_1,3:712,6077968_1_1,3,19.2584549388,12.2550748761,36.3338619502
6078093_2_1,3:F11,6068388_1_1,5,10.5225332524,7.30271376845,4.57707360125
6078202_2_2,10:F06,6104045_2_1,9,53.704269412,44.3783983951,17.836505367
6078202_2_2,10:F06,6104045_2_1,10,53.704269412,44.2442759962,16.6105269346
6078202_2_2,10:F06,6105098_2_1,9,53.704269412,44.3783983951,17.836505367
6078202_2_2,10:F06,6105098_2_1,10,53.704269412,44.2442759962,16.6105269346
6078202_2_2,10:F06,6072510_1_1,9,53.704269412,44.3783983951,17.836505367
6078202_2_2,10:F06,6072510_1_1,10,53.704269412,44.2442759962,16.6105269346
6079245_1_4,10:J28,6063673_1_3,3,34.3536813056,29.1383216627,12.4668494928
6079245_1_4,10:J27,6063673_1_3,3,34.3536813056,28.8563407133,12.1848685433
6079245_1_4,10:J27,6063673_1_3,5,34.3536813056,30.0141398011,12.0489219461
6079245_1_4,10:J24,6063673_1_3,3,34.3536813056,29.1549124866,12.4834403167
6079245_1_4,10:J24,6063673_1_3,5,34.3536813056,29.9417853291,11.9765674741
6079245_1_4,10:J23,6063673_1_3,5,34.3536813056,30.7516085864,12.7863907313
6088383_3_5,3:R20,6105208_2_5,3,21.7516234327,14.9859685685,7.83893943734
6088383_3_5,3:R20,6072697_2_5,3,21.7516234327,14.9859685685,7.83893943734
6088383_3_5,3:R20,6035710_2_5,3,21.7516234327,14.9859685685,7.83893943734
6088502_1_1,5:Q01,6088213_2_1,10,12.5236507908,7.48667082728,15.1800024973
6088502_1_1,5:Q01,6088213_2_1,15,12.5236507908,8.63724817637,14.8991771834
6088502_1_1,5:Q01,6088383_2_1,10,12.5236507908,7.48667082728,15.1800024973
6088502_1_1,5:Q01,6088383_2_1,15,12.5236507908,8.63724817637,14.8991771834
6088502_1_1,5:Q01,6089727_1_1,10,12.5236507908,7.48667082728,15.1800024973
6088502_1_1,5:Q01,6089727_1_1,15,12.5236507908,8.63724817637,14.8991771834
6089330_2_1,3:A25,6068162_1_3,1,7.84703400062,6.52827169229,5.21204542184
6089330_2_1,3:A25,6068162_1_3,1,7.84703400062,6.52827169229,5.21204542184
6089330_2_1,3:D14,6068162_1_3,1,7.84703400062,7.18323166284,5.86700539239
6090936_2_5,10:A31,6073386_1_3,14,17.3440711595,11.8000900521,17.5754837007
6090936_2_5,10:A31,6073386_1_3,17,17.3440711595,13.0464826067,17.2071101171
6095347_1_2,4:234N,6095549_1_1,3,14.5192179327,8.85297851266,16.2153415799
6095347_1_2,4:234N,6095549_1_1,5,14.5192179327,9.66450529753,15.8574496962
6095427_1_1,8:A41,6095549_1_1,3,14.5192179327,13.0368148507,4.94868547667
6095427_1_1,8:A41,6095549_1_1,5,14.5192179327,13.8853140389,4.6277659963
6095427_1_1,8:F18,6095549_1_1,4,14.5192179327,13.2643205218,4.5398590875
6095427_1_1,8:F18,6095549_1_1,6,14.5192179327,14.1363813216,4.22238743947
6095737_2_4,10:D14,6068278_1_1,2,12.9279769005,10.3120699915,5.62475225674
6095737_2_4,10:A25,6068278_1_1,1,12.9279769005,9.92465304894,6.17705797889
6095737_2_4,10:A25,6068278_1_1,2,12.9279769005,10.2845143813,5.59719664653
6095737_2_4,10:A27,6068278_1_1,2,12.9279769005,10.1821179543,5.49480021951
6095737_2_4,10:A27,6068278_1_1,3,12.9279769005,11.2239634048,4.30325654498
6095737_2_4,10:A27,6068278_1_1,4,12.9279769005,12.1972525309,4.42564177714
6095737_2_4,10:A28,6068278_1_1,3,12.9279769005,11.3033050282,4.38259816843
6095737_2_4,10:A28,6068278_1_1,4,12.9279769005,11.7799256713,4.00831491751
6097306_1_1,4:A36N,6065506_1_2,1,9.01762395353,5.92077473933,5.42912798044
6097306_1_1,4:A34N,6065506_1_2,1,9.01762395353,5.22073039873,4.72908363985
6097306_1_1,4:A34N,6065506_1_2,4,9.01762395353,6.86169898021,4.77216873313
6097306_1_1,4:A33N,6065506_1_2,1,9.01762395353,4.9394527814,4.44780602251
6097306_1_1,4:A33N,6065506_1_2,4,9.01762395353,6.17690697238,4.0873767253
6097306_1_1,4:A32N,6065506_1_2,4,9.01762395353,6.66503894228,4.5755086952
6097306_1_1,4:A32N,6065506_1_2,7,9.01762395353,7.30283355452,3.93771408295
6097476_1_3,13:400118,6126729_1_3,7,17.0530663445,16.863994713,8.05859504571
6097477_2_1,4:128N,6103267_1_1,3,10.8186833313,9.4500641534,4.63860425997
6097477_2_1,4:128N,6103267_1_1,4,10.8186833313,9.87551610038,4.21315231298
6097477_2_1,4:128N,6028972_2_1,3,10.8186833313,9.4500641534,4.63860425997
6097477_2_1,4:128N,6028972_2_1,4,10.8186833313,9.87551610038,4.21315231298
6097566_2_1,3:D18,6067397_1_1,4,13.5874099811,9.77340172834,9.42453359784
6097566_2_1,3:D18,6067397_1_1,6,13.5874099811,11.2898882528,8.89139681026
6097566_2_2,3:F14,6067994_1_5,9,14.5408708466,9.15985748813,25.5506026183
6097566_2_2,3:F14,6067994_1_5,11,14.5408708466,9.60658284801,25.1038772584
6097566_2_2,3:F15,6067994_1_5,9,14.5408708466,9.42804276516,25.8187878953
6097754_1_1,8:D17,6101645_1_1,4,9.73921588212,8.39803172181,5.47687561603
6097754_1_1,8:D17,6101645_1_1,5,9.73921588212,8.69008664493,4.91815402623
6097754_1_1,8:D17,6101645_1_1,8,9.73921588212,9.40882451582,4.42762004604
6098773_1_2,4:D17S,6105785_1_4,1,8.3635778475,3.20126757941,22.0106667051
6098773_1_2,4:D17S,6105785_1_4,6,8.3635778475,4.72112637161,21.0980413367
6098773_4_2,4:D17S,6105785_1_4,1,8.3635778475,3.20126757941,22.0106667051
6098773_4_2,4:D17S,6105785_1_4,6,8.3635778475,4.72112637161,21.0980413367
6099612_1_1,4:A44N,6012160_2_1,1,7.49031733694,4.38849710663,15.9446872313
6099612_1_1,4:A44N,6095552_1_1,1,7.49031733694,4.38849710663,15.9446872313
6099704_3_1,10:L06,6067397_1_1,4,13.5874099811,13.3838670944,6.93820147094
6100317_1_2,4:R28S,6123890_1_2,18,47.3279189716,45.9003871704,5.56081780454
6100317_1_2,4:R28S,6123890_1_2,22,47.3279189716,46.7975276818,4.82836315874
6100539_2_1,10:A25,6068162_1_3,1,7.84703400062,6.52827169229,5.21204542184
6100539_2_1,10:A25,6068162_1_3,1,7.84703400062,6.52827169229,5.21204542184
6100539_2_1,10:D14,6068162_1_3,1,7.84703400062,7.18323166284,5.86700539239
6102224_1_5,5:630,6104276_1_7,1,9.15182424326,7.19434088838,6.66122973067
6102224_1_5,5:629,6104276_1_7,1,9.15182424326,7.05919192926,6.52608077154
6102224_1_5,5:629,6104276_1_7,5,9.15182424326,7.77512592292,5.76492424599
6102224_1_5,5:628,6104276_1_7,1,9.15182424326,6.77651821421,6.2434070565
6102224_1_5,5:628,6104276_1_7,5,9.15182424326,7.63848577574,5.62828409881
6102264_2_5,4:630N,6104276_1_7,1,9.15182424326,7.19434088838,6.66122973067
6102264_2_5,4:629N,6104276_1_7,1,9.15182424326,7.05919192926,6.52608077154
6102264_2_5,4:629N,6104276_1_7,5,9.15182424326,7.77512592292,5.76492424599
6102264_2_5,4:628N,6104276_1_7,1,9.15182424326,6.77651821421,6.2434070565
6102264_2_5,4:628N,6104276_1_7,5,9.15182424326,7.63848577574,5.62828409881
6102380_1_3,4:632N,6102385_1_2,3,9.28589901736,5.40457466465,5.34044016233
6103083_1_1,5:226,6119073_1_1,2,13.6138974734,5.01603741383,38.270919177
6103083_1_1,5:225,6119073_1_1,1,13.6138974734,7.51167942132,40.920651872
6103244_1_1,4:124S,6116243_1_2,1,35.2612716345,29.6426698842,5.42442353769
6103244_1_1,4:124S,6116243_1_2,5,35.2612716345,30.5720217484,5.15798730152
6103244_1_1,4:125S,6116243_1_2,4,35.2612716345,30.0849956702,4.91448428533
6103244_1_1,4:125S,6116243_1_2,8,35.2612716345,32.3931902512,4.80415846564
6103332_2_1,13:403047,6029556_2_1,2,6.61790002552,3.37420919332,16.1110383934
6103332_2_1,13:403047,6103005_1_1,2,6.61790002552,3.37420919332,16.1110383934
6103332_2_1,13:404139,6029556_2_1,2,6.61790002552,3.10738083521,15.8442100352
6103332_2_1,13:404139,6103005_1_1,2,6.61790002552,3.10738083521,15.8442100352
6103332_2_1,13:400316,6029556_2_1,2,6.61790002552,3.64663674465,16.3834659447
6103332_2_1,13:400316,6103005_1_1,2,6.61790002552,3.64663674465,16.3834659447
6103332_2_1,13:450123,6029556_2_1,2,6.61790002552,4.3235654524,17.0603946524
6103332_2_1,13:450123,6103005_1_1,2,6.61790002552,4.3235654524,17.0603946524
6103332_3_1,13:403047,6029556_2_1,2,6.61790002552,3.37420919332,16.1110383934
6103332_3_1,13:403047,6103005_1_1,2,6.61790002552,3.37420919332,16.1110383934
6103332_3_1,13:404139,6029556_2_1,2,6.61790002552,3.10738083521,15.8442100352
6103332_3_1,13:404139,6103005_1_1,2,6.61790002552,3.10738083521,15.8442100352
6103332_3_1,13:400316,6029556_2_1,2,6.61790002552,3.64663674465,16.3834659447
6103332_3_1,13:400316,6103005_1_1,2,6.61790002552,3.64663674465,16.3834659447
6103332_3_1,13:450123,6029556_2_1,2,6.61790002552,4.3235654524,17.0603946524
6103332_3_1,13:450123,6103005_1_1,2,6.61790002552,4.3235654524,17.0603946524
6103599_1_4,13:401087,6126729_1_3,2,17.0530663445,15.2641308509,4.82642063514
6103599_1_4,13:401087,6126729_1_3,6,17.0530663445,16.5731715832,4.59029499486
6103599_1_4,13:401088,6126729_1_3,1,17.0530663445,14.6086481364,4.48502387347
6103599_1_4,13:401088,6126729_1_3,6,17.0530663445,16.1143217216,4.13144513334
6103599_1_4,13:403362,6126729_1_3,1,17.0530663445,14.7401995406,4.61657527765
6103599_1_4,13:403362,6126729_1_3,6,17.0530663445,16.0798256966,4.09694910831
6103605_2_4,13:401087,6126729_1_3,2,17.0530663445,15.2641308509,4.82642063514
6103605_2_4,13:401087,6126729_1_3,6,17.0530663445,16.5731715832,4.59029499486
6103605_2_4,13:401088,6126729_1_3,1,17.0530663445,14.6086481364,4.48502387347
6103605_2_4,13:401088,6126729_1_3,6,17.0530663445,16.1143217216,4.13144513334
6103605_2_4,13:403362,6126729_1_3,1,17.0530663445,14.7401995406,4.61657527765
6103605_2_4,13:403362,6126729_1_3,6,17.0530663445,16.0798256966,4.09694910831
6103616_2_4,13:401087,6126729_1_3,2,17.0530663445,15.2641308509,4.82642063514
6103616_2_4,13:401087,6126729_1_3,6,17.0530663445,16.5731715832,4.59029499486
6103616_2_4,13:401088,6126729_1_3,1,17.0530663445,14.6086481364,4.48502387347
6103616_2_4,13:401088,6126729_1_3,6,17.0530663445,16.1143217216,4.13144513334
6103616_2_4,13:403362,6126729_1_3,1,17.0530663445,14.7401995406,4.61657527765
6103616_2_4,13:403362,6126729_1_3,6,17.0530663445,16.0798256966,4.09694910831
6103624_2_2,3:626,6035669_1_4,1,4.84428784625,0.690973872565,9.00899901205
6103756_1_1,13:403047,6029556_2_1,2,6.61790002552,3.37420919332,16.1110383934
6103756_1_1,13:403047,6103005_1_1,2,6.61790002552,3.37420919332,16.1110383934
6103756_1_1,13:404139,6029556_2_1,2,6.61790002552,3.10738083521,15.8442100352
6103756_1_1,13:404139,6103005_1_1,2,6.61790002552,3.10738083521,15.8442100352
6103756_1_1,13:400316,6029556_2_1,2,6.61790002552,3.64663674465,16.3834659447
6103756_1_1,13:400316,6103005_1_1,2,6.61790002552,3.64663674465,16.3834659447
6103756_1_1,13:450123,6029556_2_1,2,6.61790002552,4.3235654524,17.0603946524
6103756_1_1,13:450123,6103005_1_1,2,6.61790002552,4.3235654524,17.0603946524
6104185_1_2,6:403459,6105785_1_3,11,14.2958285325,9.65537600579,16.9859820426
6104185_1_2,8:631,6105785_1_3,11,14.2958285325,9.65537600579,16.9859820426
6104383_3_2,3:122,6007906_1_3,2,35.0752378174,31.6056311676,11.3383505766
6104383_3_2,3:122,6007906_1_3,4,35.0752378174,32.2268330302,10.9804457271
6104383_3_2,3:122,6054183_2_3,2,35.0752378174,31.6056311676,11.3383505766
6104383_3_2,3:122,6054183_2_3,4,35.0752378174,32.2268330302,10.9804457271
6104383_3_2,3:122,6007906_3_3,2,35.0752378174,31.6056311676,11.3383505766
6104383_3_2,3:122,6007906_3_3,4,35.0752378174,32.2268330302,10.9804457271
6104383_3_2,3:121,6007906_1_3,2,35.0752378174,31.2853048208,11.0180242299
6104383_3_2,3:121,6007906_1_3,4,35.0752378174,31.8207784798,10.5743911767
6104383_3_2,3:121,6007906_1_3,7,35.0752378174,33.1605568509,10.3588779349
6104383_3_2,3:121,6054183_2_3,2,35.0752378174,31.2853048208,11.0180242299
6104383_3_2,3:121,6054183_2_3,4,35.0752378174,31.8207784798,10.5743911767
6104383_3_2,3:121,6054183_2_3,7,35.0752378174,33.1605568509,10.3588779349
6104383_3_2,3:121,6007906_3_3,2,35.0752378174,31.2853048208,11.0180242299
6104383_3_2,3:121,6007906_3_3,4,35.0752378174,31.8207784798,10.5743911767
6104383_3_2,3:121,6007906_3_3,7,35.0752378174,33.1605568509,10.3588779349
6104383_3_2,3:120,6007906_1_3,2,35.0752378174,30.9961302957,10.7288497047
6104383_3_2,3:120,6007906_1_3,4,35.0752378174,31.6328427616,10.3864554585
6104383_3_2,3:120,6007906_1_3,7,35.0752378174,33.0213014632,10.2196225471
6104383_3_2,3:120,6054183_2_3,2,35.0752378174,30.9961302957,10.7288497047
6104383_3_2,3:120,6054183_2_3,4,35.0752378174,31.6328427616,10.3864554585
6104383_3_2,3:120,6054183_2_3,7,35.0752378174,33.0213014632,10.2196225471
6104383_3_2,3:120,6007906_3_3,2,35.0752378174,30.9961302957,10.7288497047
6104383_3_2,3:120,6007906_3_3,4,35.0752378174,31.6328427616,10.3864554585
6104383_3_2,3:120,6007906_3_3,7,35.0752378174,33.0213014632,10.2196225471
6104383_3_2,3:119,6007906_1_3,7,35.0752378174,30.8863767775,8.08469786144
6104383_3_2,3:119,6054183_2_3,7,35.0752378174,30.8863767775,8.08469786144
6104383_3_2,3:119,6007906_3_3,7,35.0752378174,30.8863767775,8.08469786144
6104708_1_3,11:628,6104276_1_7,1,9.15182424326,4.92723590902,4.96553286262
6105232_1_1,8:629,6116243_1_2,8,35.2612716345,30.6053521757,5.66249403757
6105232_1_1,8:629,6116243_1_2,9,35.2612716345,32.3232876004,5.39102010695
6105265_1_2,11:902,6105785_1_4,1,8.3635778475,3.02098506584,19.3012799473
6105265_1_2,11:901,6105785_1_4,1,8.3635778475,2.79324833049,19.073543212
6105265_1_2,11:901,6105785_1_4,6,8.3635778475,4.15442747575,18.0022381967
6105265_1_2,8:631,6105785_1_4,1,8.3635778475,3.14991499716,19.4302098786
6105265_1_2,8:631,6105785_1_4,6,8.3635778475,4.59353944664,18.4413501676
6116952_2_3,13:402379,6104866_2_2,6,8.07218312219,4.11360661458,18.5849774268
6116952_2_3,13:402379,6104866_2_2,9,8.07218312219,4.82907442279,18.0816664077
6117731_3_1,3:712,6077968_1_1,1,19.2584549388,10.3695613436,36.2481992289
6117731_3_1,3:712,6077968_1_1,3,19.2584549388,12.2550748761,36.3338619502
6119023_2_2,3:D20,6022080_2_5,1,12.7556455553,7.94507795984,7.08155743316
6119023_2_2,3:D20,6022067_2_5,1,12.7556455553,7.94507795984,7.08155743316
6119023_2_2,3:D20,6022080_3_5,1,12.7556455553,7.94507795984,7.08155743316
6119023_2_2,3:D19,6022080_2_5,6,12.7556455553,9.62137147781,6.2790078537
6119023_2_2,3:D19,6022067_2_5,6,12.7556455553,9.62137147781,6.2790078537
6119023_2_2,3:D19,6022080_3_5,6,12.7556455553,9.62137147781,6.2790078537
6119023_2_2,3:D18,6022080_2_5,7,12.7556455553,9.89417276466,5.94975967179
6119023_2_2,3:D18,6022067_2_5,7,12.7556455553,9.89417276466,5.94975967179
6119023_2_2,3:D18,6022080_3_5,7,12.7556455553,9.89417276466,5.94975967179
6119374_3_3,5:A27,6140592_1_2,1,8.18330724641,5.59031954425,6.25740977445
6119374_3_3,5:A28,6140592_1_2,1,8.18330724641,4.13625987483,4.80335010503
6119374_3_3,5:A28,6140592_1_2,3,8.18330724641,5.85491252018,4.92520510801
6120242_1_2,4:F12S,6120262_1_2,1,27.8915894344,27.4400586391,5.68012684562
6121712_2_1,4:L25N,6128512_1_2,3,7.45688602371,3.16353646262,39.9460128505
6121712_2_1,4:L25N,6128512_1_2,5,7.45688602371,3.7703324291,39.3392805745
6121712_2_1,4:L24N,6128512_1_2,3,7.45688602371,4.18076972259,40.9632461105
6121712_2_1,4:L24N,6128512_1_2,5,7.45688602371,5.00929571671,40.5782438621
6121712_2_1,4:L22N,6128512_1_2,3,7.45688602371,4.42525089225,41.2077272801
6123821_2_2,13:402133,6126729_1_2,1,18.1733050518,17.4887943736,4.93965617933
6123821_2_2,13:402134,6126729_1_2,1,18.1733050518,17.0200546159,4.47091642162
6123821_2_2,13:402135,6126729_1_2,1,18.1733050518,17.2567220627,4.70758386834
6124926_2_1,5:626,6126729_1_3,7,17.0530663445,8.8377255576,25.2163744598
6124926_2_1,5:626,6126729_1_3,9,17.0530663445,11.1431758542,25.2678496102
6125951_2_2,5:127,6104866_2_2,1,8.07218312219,4.94550852632,24.6061582723
6126052_3_2,5:127,6104866_2_2,1,8.07218312219,4.94550852632,24.6061582723
6126628_4_2,4:416N,6119831_1_2,1,6.8697743138,3.47835252634,17.513972944
6126628_5_2,4:416N,6119831_1_2,1,6.8697743138,3.47835252634,17.513972944
6126628_6_2,4:416N,6119831_1_2,1,6.8697743138,3.47835252634,17.513972944
6127812_1_2,8:D20,6101719_1_3,2,7.44378286275,3.78740987378,19.3374450132
6127812_1_2,8:D20,6101719_1_3,4,7.44378286275,4.60593972248,19.1283483953
6127812_1_2,8:D21,6101719_1_3,3,7.44378286275,3.49268359253,18.499811355
6127812_1_2,8:D21,6101719_1_3,5,7.44378286275,3.93739550226,17.9950994453
6127812_1_2,8:D21,6101719_1_3,6,7.44378286275,4.25066313731,17.4818318035
6128603_1_1,5:L25,6128512_1_2,3,7.45688602371,3.16353646262,39.9460128505
6128603_1_1,5:L25,6128512_1_2,5,7.45688602371,3.7703324291,39.3392805745
6128603_1_1,5:L24,6128512_1_2,3,7.45688602371,4.18076972259,40.9632461105
6128603_1_1,5:L24,6128512_1_2,5,7.45688602371,5.00929571671,40.5782438621
6128603_1_1,5:L22,6128512_1_2,3,7.45688602371,4.42525089225,41.2077272801
6128891_2_3,10:F18,6059753_1_4,9,16.6187385775,14.546041028,6.55012590526
6128891_2_3,10:A41,6059753_1_4,9,16.6187385775,14.2665369828,6.27062186001
6128891_2_3,10:A41,6059753_1_4,11,16.6187385775,15.5260247465,6.00037500002
6128891_2_3,10:F20,6059753_1_4,11,16.6187385775,15.3316785389,5.80602879235
6130288_3_3,11:A27,6140592_1_2,1,8.18330724641,5.59031954425,6.25740977445
6130288_3_3,11:A28,6140592_1_2,1,8.18330724641,4.13625987483,4.80335010503
6130288_3_3,11:A28,6140592_1_2,3,8.18330724641,5.85491252018,4.92520510801
6130336_4_2,10:127,6066590_1_2,6,10.2288341701,5.73332419633,24.6235512617
6130336_4_2,10:126,6066590_1_2,5,10.2288341701,5.02598122867,25.5433055398
6130336_4_2,10:126,6066590_1_2,6,10.2288341701,5.89964581256,24.7898728779
6130812_1_2,13:903154,6131742_3_2,1,9.12669941887,4.13295374173,10.5314740754
6130812_1_2,13:903154,6131706_2_2,1,9.12669941887,4.13295374173,10.5314740754
6130812_1_2,13:903154,6131739_1_2,1,9.12669941887,4.13295374173,10.5314740754
6130812_1_2,13:402505,6131742_3_2,1,9.12669941887,4.57962041506,10.9781407488
6130812_1_2,13:402505,6131706_2_2,1,9.12669941887,4.57962041506,10.9781407488
6130812_1_2,13:402505,6131739_1_2,1,9.12669941887,4.57962041506,10.9781407488
6130812_1_2,13:402506,6131742_3_2,1,9.12669941887,4.86962041173,11.2681407454
6130812_1_2,13:402506,6131706_2_2,1,9.12669941887,4.86962041173,11.2681407454
6130812_1_2,13:402506,6131739_1_2,1,9.12669941887,4.86962041173,11.2681407454
6130969_2_1,10:213,6084792_1_1,7,9.49438017384,5.11875099507,30.8392390869
6130969_2_1,10:213,6084792_2_1,7,9.49438017384,5.11875099507,30.8392390869
6131468_3_1,5:626,6126729_1_3,7,17.0530663445,8.8377255576,25.2163744598
6131468_3_1,5:626,6126729_1_3,9,17.0530663445,11.1431758542,25.2678496102
6131529_1_1,4:416N,6131742_3_2,4,9.12669941887,5.81988457051,32.7155374592
6131529_1_1,4:416N,6131706_2_2,4,9.12669941887,5.81988457051,32.7155374592
6131529_1_1,4:416N,6131739_1_2,4,9.12669941887,5.81988457051,32.7155374592
6132009_2_1,10:110,6033603_2_1,4,34.1861149466,31.968370772,9.24500790331
6132009_2_1,10:110,6033603_5_1,4,34.1861149466,31.968370772,9.24500790331
6132009_2_1,10:111,6033603_2_1,1,34.1861149466,30.8774974231,8.62749342881
6132009_2_1,10:111,6033603_5_1,1,34.1861149466,30.8774974231,8.62749342881
6132009_2_1,10:112,6033603_2_1,1,34.1861149466,31.8389963599,9.58899236564
6132009_2_1,10:112,6033603_5_1,1,34.1861149466,31.8389963599,9.58899236564
6132600_1_3,4:612N,6132576_1_2,11,14.3047781403,10.7340263521,3.5707517882
6132600_1_3,4:612N,6128345_4_2,11,14.3047781403,10.7340263521,3.5707517882
6132600_1_3,4:612N,6128345_5_2,11,14.3047781403,10.7340263521,3.5707517882
6132600_1_3,4:612N,6128345_2_2,11,14.3047781403,10.7340263521,3.5707517882
6132600_1_3,4:612N,6128345_3_2,11,14.3047781403,10.7340263521,3.5707517882
6139239_2_2,10:628,6031905_1_1,2,12.120890224,3.87155856702,27.3420013722
6139733_1_4,8:D20,6105314_1_3,4,8.14509603676,2.67391708589,14.5030767323
6140320_1_2,13:401781,6139732_1_6,5,13.2116061977,7.19239131373,19.9549870597
6140320_1_2,13:401781,6014534_2_6,5,13.2116061977,7.19239131373,19.9549870597
6140320_1_2,13:401782,6139732_1_6,4,13.2116061977,7.16241558563,20.3897160614
6140320_1_2,13:401782,6139732_1_6,8,13.2116061977,8.73212976985,19.5024174648
6140320_1_2,13:401782,6014534_2_6,4,13.2116061977,7.16241558563,20.3897160614
6140320_1_2,13:401782,6014534_2_6,8,13.2116061977,8.73212976985,19.5024174648
6140320_1_2,13:404105,6139732_1_6,4,13.2116061977,7.31648701433,20.5437874901
6140320_1_2,13:404105,6139732_1_6,8,13.2116061977,8.72737770349,19.4976653985
6140320_1_2,13:404105,6014534_2_6,4,13.2116061977,7.31648701433,20.5437874901
6140320_1_2,13:404105,6014534_2_6,8,13.2116061977,8.72737770349,19.4976653985
6140320_1_2,13:401784,6139732_1_6,4,13.2116061977,7.33701794343,20.5643184192
6140320_1_2,13:401784,6139732_1_6,8,13.2116061977,8.88974671062,19.6600344056
6140320_1_2,13:401784,6014534_2_6,4,13.2116061977,7.33701794343,20.5643184192
6140320_1_2,13:401784,6014534_2_6,8,13.2116061977,8.88974671062,19.6600344056
6140320_1_2,13:401785,6139732_1_6,4,13.2116061977,7.43237756604,20.6596780418
6140320_1_2,13:401785,6139732_1_6,8,13.2116061977,9.04521689168,19.8155045867
6140320_1_2,13:401785,6139732_1_6,11,13.2116061977,9.67270837312,19.2240960734
6140320_1_2,13:401785,6014534_2_6,4,13.2116061977,7.43237756604,20.6596780418
6140320_1_2,13:401785,6014534_2_6,8,13.2116061977,9.04521689168,19.8155045867
6140320_1_2,13:401785,6014534_2_6,11,13.2116061977,9.67270837312,19.2240960734
6140320_1_2,13:401786,6139732_1_6,4,13.2116061977,7.58823507004,20.8155355458
6140320_1_2,13:401786,6139732_1_6,8,13.2116061977,9.17463799312,19.9449256881
6140320_1_2,13:401786,6139732_1_6,11,13.2116061977,9.63013881298,19.1815265132
6140320_1_2,13:401786,6014534_2_6,4,13.2116061977,7.58823507004,20.8155355458
6140320_1_2,13:401786,6014534_2_6,8,13.2116061977,9.17463799312,19.9449256881
6140320_1_2,13:401786,6014534_2_6,11,13.2116061977,9.63013881298,19.1815265132
6140658_2_1,4:638S,6065506_1_2,1,9.01762395353,7.90861746299,4.89099350946
6140658_2_1,4:639S,6065506_1_2,1,9.01762395353,7.76019115909,4.74256720556
6140755_3_1,3:213,6084792_1_1,7,9.49438017384,5.11875099507,30.8392390869
6140755_3_1,3:213,6084792_2_1,7,9.49438017384,5.11875099507,30.8392390869
6140831_1_3,11:A27,6140592_1_2,1,8.18330724641,5.59031954425,6.25740977445
6140831_1_3,11:A28,6140592_1_2,1,8.18330724641,4.13625987483,4.80335010503
6140831_1_3,11:A28,6140592_1_2,3,8.18330724641,5.85491252018,4.92520510801
6140878_1_3,5:L05,6105314_1_3,5,8.14509603676,7.09006004075,5.40805099174
6141917_3_2,3:126,6028436_2_3,5,8.56156094094,3.89823234959,29.8531015826
6141917_3_2,3:126,6028436_2_3,8,8.56156094094,4.41930006864,29.2756133354
6141917_3_2,3:126,6028436_2_3,10,8.56156094094,5.92626688225,29.7378038427
6141917_3_2,3:126,6028436_1_3,5,8.56156094094,3.89823234959,29.8531015826
6141917_3_2,3:126,6028436_1_3,8,8.56156094094,4.41930006864,29.2756133354
6141917_3_2,3:126,6028436_1_3,10,8.56156094094,5.92626688225,29.7378038427
6141917_3_2,3:125,6028436_2_3,1,8.56156094094,3.72069217405,31.1050719954
6141917_3_2,3:125,6028436_2_3,5,8.56156094094,4.69211413154,30.6469833646
6141917_3_2,3:125,6028436_2_3,8,8.56156094094,5.146834749,30.0031480157
6141917_3_2,3:125,6028436_2_3,10,8.56156094094,6.28285461145,30.0943915719
6141917_3_2,3:125,6028436_1_3,1,8.56156094094,3.72069217405,31.1050719954
6141917_3_2,3:125,6028436_1_3,5,8.56156094094,4.69211413154,30.6469833646
6141917_3_2,3:125,6028436_1_3,8,8.56156094094,5.146834749,30.0031480157
6141917_3_2,3:125,6028436_1_3,10,8.56156094094,6.28285461145,30.0943915719
6141917_3_2,3:124,6028436_2_3,1,8.56156094094,4.65578344307,32.0401632644
6141917_3_2,3:124,6028436_2_3,5,8.56156094094,5.73734367937,31.6922129124
6141917_3_2,3:124,6028436_2_3,8,8.56156094094,5.99064247128,30.846955738
6141917_3_2,3:124,6028436_1_3,1,8.56156094094,4.65578344307,32.0401632644
6141917_3_2,3:124,6028436_1_3,5,8.56156094094,5.73734367937,31.6922129124
6141917_3_2,3:124,6028436_1_3,8,8.56156094094,5.99064247128,30.846955738
