transit_id,stop_id,taxi_id,taxi_pos_sequence,taxi_arrival_time_transit_stop,taxi_destination_time,transit_destination_time,transit_original_destination_time,integration_distance,shared_distance,destinations_distance,taxi_private_cost,taxi_shared_cost,transit_shared_cost
6053864_1_2,10:B08,6068278_1_2,5,2010-06-23 16:15:25.000000,2010-06-23 16:26:13.999999,2010-06-23 16:42:42.000000,2010-06-23 16:46:22.000000,3062.157,3246.542,7746.953,16.187455840364994,15.994773643726536,17.078084940168463
6072510_2_1,3:628,6068772_1_1,1,2010-06-18 09:12:26.999998,2010-06-18 09:17:45.000000,2010-06-18 09:30:02.999999,2010-06-18 09:35:41.000000,3480.341,1280.468,3406.388,11.156998092820004,10.385838237594953,5.301310180122549
6029412_1_4,3:629,6005839_3_4,9,2010-06-05 21:54:17.000001,2010-06-05 22:17:15.000000,2010-06-05 21:54:44.000000,2010-06-05 21:58:25.000000,18843.256,163.591,17592.252,60.77833917518004,58.99458150622862,5.56552655719138
6101569_1_2,4:633S,6115896_1_2,8,2010-10-10 12:06:33.000002,2010-10-10 12:34:17.999999,2010-10-10 12:07:56.999999,2010-10-10 12:14:00.000000,6445.779,408.287,12412.752,23.279433671745,0.994554820322269,38.37810968790024
6059156_1_2,3:250,6074358_2_1,1,2010-06-18 18:55:03.000000,2010-06-18 19:23:48.000002,2010-06-18 18:57:34.000000,2010-06-18 19:05:22.000001,18969.807,548.339,10534.089,36.2797247997725,7.150363240665115,44.11360504479738
6031044_3_8,10:120,6028005_1_3,1,2010-05-20 22:43:21.000000,2010-05-20 23:04:31.000000,2010-05-20 22:49:09.000000,2010-05-20 22:55:51.000000,817.924,815.8560000000001,8658.136,15.937728544889994,5.367673428607435,15.180071913482564
6030915_1_8,10:120,6028005_1_3,1,2010-05-20 22:43:21.000000,2010-05-20 23:04:31.000000,2010-05-20 22:49:09.000000,2010-05-20 22:55:51.000000,817.924,815.8560000000001,8658.136,15.937728544889994,5.367673428607435,15.180071913482564
6016272_1_2,10:A41,6021321_2_4,5,2010-05-26 20:05:55.999999,2010-05-26 20:29:04.000000,2010-05-26 20:15:46.999999,2010-05-26 20:26:36.000000,10658.249,3010.502,6458.593000000001,39.73316345586999,23.9358188701935,15.58884874377733
6018706_2_1,3:G24,6068278_1_2,2,2010-06-23 16:14:18.999998,2010-06-23 16:29:51.000000,2010-06-23 16:25:18.999999,2010-06-23 16:31:30.000000,6618.473000000001,4104.613,1703.58,16.187455840364994,7.244396366146518,19.140457767397653
6091892_2_1,3:R16,6028436_2_2,1,2010-06-04 08:58:36.000001,2010-06-04 09:11:43.000001,2010-06-04 08:59:46.000000,2010-06-04 09:02:55.000001,2569.194,164.516,3240.2490000000003,8.6796991023175,3.6636455332238764,8.776466654581956
6056696_1_1,10:F20,6088357_1_1,1,2010-06-20 10:38:13.000000,2010-06-20 11:08:41.999999,2010-06-20 10:43:07.000000,2010-06-20 10:51:08.000000,2467.317,861.437,17434.326,31.56102752405751,23.687285449508828,12.2799873405245
6047479_1_3,3:D17,6021151_1_3,1,2010-05-31 20:16:53.000000,2010-05-31 21:00:58.000001,2010-05-31 20:38:56.999999,2010-05-31 20:53:22.000000,3959.36,18781.444,23008.775,49.672058000822496,21.91149832569167,52.65715580633083
6073851_1_2,3:137,6065846_1_2,1,2010-06-14 17:04:52.000001,2010-06-14 17:52:51.000000,2010-06-14 18:13:31.000000,2010-06-14 18:17:53.000000,1429.3139999999999,16450.754,9739.735999999999,30.9202166203275,6.103312649388572,49.2553837554881
6034022_1_2,13:405135,6116243_1_2,1,2010-11-11 14:14:17.000000,2010-11-11 14:36:08.000001,2010-11-11 14:17:00.000000,2010-11-11 14:18:21.000000,8050.293000000001,795.702,16690.976000000002,35.2612716345,34.871472923576604,7.798360094525907
6023565_1_2,3:J27,6027174_1_3,3,2010-05-26 13:06:16.000001,2010-05-26 13:51:26.000001,2010-05-26 13:14:39.999999,2010-05-26 13:27:45.000000,11249.075,2722.739,15590.146,49.864141020622505,7.602227499796642,44.76055087296753
6016709_1_1,3:A42,6014457_2_3,1,2010-06-03 09:52:00.000000,2010-06-03 10:13:50.000002,2010-06-03 09:54:13.000000,2010-06-03 09:58:03.000000,4888.147,818.184,11405.546999999999,27.093658971572506,16.100726396175357,13.68133546566965
6055629_1_1,3:618,6055122_1_1,2,2010-06-13 08:25:49.999999,2010-06-13 08:44:53.000001,2010-06-13 08:29:52.999999,2010-06-13 08:40:44.000000,10116.169,1977.5629999999999,12296.255,36.709588016139996,33.350108100869825,8.513127882415164
6003697_2_2,10:406,6055122_1_3,2,2010-06-13 17:04:41.000000,2010-06-13 17:24:22.000000,2010-06-13 17:06:40.000001,2010-06-13 17:11:18.000000,1896.614,1285.119,20509.247,27.401161498625,23.786804583962287,16.990574702830212
6106408_2_2,11:D17,6109168_1_2,6,2010-10-08 18:16:27.999998,2010-10-08 18:41:37.000001,2010-10-08 18:19:57.000000,2010-10-08 18:22:45.000000,7255.057,876.806,19493.334,42.90724769121501,31.41425718558683,20.845248128147333
6140582_2_1,8:A24,6104482_1_2,7,2010-11-08 11:41:09.000002,2010-11-08 11:52:56.999999,2010-11-08 11:42:22.999999,2010-11-08 11:44:48.000000,5617.1759999999995,287.763,12766.248,19.773029351607498,10.18386088089022,25.00072269821728
6069569_1_1,10:723,6077968_1_1,1,2010-06-18 07:42:07.000000,2010-06-18 08:00:43.999999,2010-06-18 07:43:06.000000,2010-06-18 07:46:27.000000,7194.425,277.101,8057.518,19.258454938805002,4.9217722591582165,22.20147173915178
6009869_2_3,10:116,6007906_1_3,7,2010-05-27 12:36:45.000000,2010-05-27 13:15:02.000000,2010-05-27 12:47:12.999998,2010-05-27 13:01:46.999999,3736.933,7989.986999999999,23430.83,35.075237817382515,26.306999409762692,34.48826451402731
6068416_1_2,10:628,6069024_1_1,9,2010-06-13 19:50:15.000000,2010-06-13 20:06:42.999998,2010-06-13 19:54:39.000001,2010-06-13 20:07:03.000000,7916.554,1157.744,4079.7070000000003,32.3777637801675,23.648499746715736,12.008158587171767
6118359_1_4,6:500255,6119629_1_4,7,2010-09-25 14:44:55.000000,2010-09-25 15:23:59.000001,2010-09-25 14:55:56.000001,2010-09-25 15:13:58.999999,10990.062,4722.271,33708.96,49.2221249691475,19.109624335471178,62.585133167253815
6065563_1_1,3:128,6067397_1_1,1,2010-06-14 08:42:13.000001,2010-06-14 09:00:41.999998,2010-06-14 08:52:56.999999,2010-06-14 08:56:54.000000,2719.816,2381.085,2743.518,13.587409981089998,6.8287301828740015,9.910339339915163
6065050_1_1,10:A25,6068162_1_3,1,2010-06-17 13:34:51.000001,2010-06-17 13:52:32.999999,2010-06-17 13:41:07.000000,2010-06-17 13:45:50.000000,1105.0639999999999,1189.276,2778.518,7.8470340006225,2.1306501310706136,9.609666983057721
6026354_1_1,3:D18,6033603_2_1,6,2010-06-01 09:18:43.000000,2010-06-01 09:35:14.000000,2010-06-01 09:20:49.999999,2010-06-01 09:28:20.000001,10196.385,512.32,3809.915,34.186114946627505,12.039139079980867,23.301559374519965
6068563_1_4,10:629,6072616_1_2,6,2010-06-23 19:45:29.000001,2010-06-23 19:54:32.000000,2010-06-23 19:53:06.000000,2010-06-23 19:56:26.999999,2742.7709999999997,2053.489,528.625,14.8241010689825,14.671009725730189,1.4862787342348112
6132631_1_4,4:132S,6119263_1_3,1,2010-11-18 21:38:33.000000,2010-11-18 22:05:43.000000,2010-11-18 21:42:20.000000,2010-11-18 21:47:39.000000,1831.606,313.914,10919.482,17.88729248481,7.178718250540206,17.836815143814793
6009419_1_2,10:120,6066590_1_2,1,2010-06-16 17:04:26.000000,2010-06-16 17:29:24.000000,2010-06-16 17:58:54.999999,2010-06-16 18:15:05.000000,2727.1459999999997,7588.964,22239.177000000003,10.228834170139999,8.984453040439886,49.41449172241929
6062003_2_2,10:629,6089061_1_4,3,2010-06-20 17:55:55.999999,2010-06-20 18:16:30.000001,2010-06-20 18:29:04.000001,2010-06-20 18:36:07.000000,2812.634,12340.648000000001,3988.152,23.906602063175,21.144197933221605,12.990716043005895
6067792_1_4,8:627,6071666_1_4,1,2010-09-10 17:40:16.000000,2010-09-10 18:00:03.000000,2010-09-10 17:53:54.000000,2010-09-10 17:59:53.000000,2604.738,6710.659000000001,1552.2920000000001,9.992730277842501,3.32223195776054,18.17326832962029
6073241_2_4,10:R05,6081235_1_2,1,2010-06-19 21:44:51.000001,2010-06-19 23:10:13.000000,2010-06-19 22:25:02.000000,2010-06-19 22:33:40.999999,6347.7,2498.442,42118.974,74.102953655225,2.6199084174734732,93.59070431094987
6075036_1_3,3:133,6069041_1_2,1,2010-06-15 18:05:24.000000,2010-06-15 18:36:18.000001,2010-06-15 18:09:52.000000,2010-06-15 18:10:35.000000,1090.587,842.569,8462.784,16.121200604062498,13.909465557603875,6.239873526746124
6006418_1_2,3:629,6031905_1_1,1,2010-06-01 17:08:21.000000,2010-06-01 17:15:35.000000,2010-06-01 17:34:40.999999,2010-06-01 17:40:46.000001,2156.174,1685.8570000000002,12738.061000000002,12.120890224010001,11.87181714318816,17.88415372214184
6036103_1_2,3:631,6026699_1_1,1,2010-05-18 08:39:15.000000,2010-05-18 08:48:58.000001,2010-05-18 08:40:28.000000,2010-05-18 08:41:38.000000,2180.542,358.031,2503.083,9.2062457808625,7.313703484532423,3.518143591407577
6042186_1_2,3:D16,6033603_5_2,6,2010-06-01 13:15:18.000000,2010-06-01 13:36:18.000002,2010-06-01 13:17:27.000000,2010-06-01 13:18:11.000000,8437.17,511.894,15080.042,34.346223612197505,12.479219669116581,29.33596724816592
6031778_2_1,3:A19,6071921_1_2,5,2010-06-11 11:42:58.000000,2010-06-11 12:04:25.000000,2010-06-11 11:50:24.000001,2010-06-11 12:05:01.999999,6853.606,2655.495,11105.784,16.948871748340007,7.653839399344545,29.51733872442795
6097306_1_1,4:A34N,6065506_1_2,1,2010-11-11 12:31:46.000000,2010-11-11 12:49:56.000001,2010-11-11 12:39:03.000000,2010-11-11 12:45:06.000000,372.037,1150.296,2247.705,9.01762395353,8.683815070474761,1.2659989681035724
6104708_1_3,11:628,6104276_1_7,1,2010-11-01 19:09:09.000000,2010-11-01 19:18:55.000000,2010-11-01 19:09:43.000000,2010-11-01 19:10:07.000000,1088.3519999999999,154.748,2550.298,9.151824243259998,8.91650869549582,0.9762600761491776
6127199_1_2,5:225,6105785_1_3,1,2010-09-24 17:14:38.000000,2010-09-24 17:28:44.000002,2010-09-24 17:49:55.000000,2010-09-24 17:55:35.000000,4114.365,9764.175,17584.243000000002,14.295828532485,10.198142278272693,42.677010060459814
6069924_1_4,3:222,6104045_2_1,12,2010-06-18 16:57:44.999999,2010-06-18 17:19:46.000002,2010-06-18 17:08:41.000000,2010-06-18 17:11:12.000001,3955.505,3403.15,6779.089,53.704269412017496,21.273649614378872,42.6543815722128
6045158_1_2,10:B08,6066590_1_3,1,2010-06-16 19:37:57.000000,2010-06-16 19:47:56.000000,2010-06-16 20:09:12.000002,2010-06-16 20:11:18.000000,1989.8120000000001,5391.420999999999,17720.346,7.315104383795,0.0,42.993483112022496
6051702_1_2,10:416,6076880_2_2,5,2010-06-20 13:48:05.000001,2010-06-20 14:17:59.000001,2010-06-20 13:56:50.000000,2010-06-20 14:08:17.000000,12181.338,5719.004,20044.73,24.259279815355,0.044670313083549316,64.28051624671896
6140831_1_3,11:A28,6140592_1_2,1,2010-11-19 19:31:41.000000,2010-11-19 19:42:53.000000,2010-11-19 19:33:20.000000,2010-11-19 19:39:46.000000,446.85699999999997,428.648,2145.52,8.1833072464075,7.805869355586947,1.1337406242672194
6103083_1_1,5:227,6119073_1_1,1,2010-10-13 07:35:19.000000,2010-10-13 07:50:36.000001,2010-10-13 08:10:49.999998,2010-10-13 08:19:16.000000,1872.756,3666.1079999999997,19575.405,13.613897473392498,11.73268181302559,30.75384762730525
6116461_1_1,6:502555,6094751_1_1,1,2010-10-02 07:27:03.999998,2010-10-02 07:57:44.999999,2010-10-02 07:45:49.000000,2010-10-02 08:09:44.000000,24305.103,5988.637,9349.609,59.19510000402501,26.41308334255114,41.59665186614637
6087484_1_2,3:217,6086311_1_3,1,2010-06-26 15:32:22.000000,2010-06-26 15:40:36.999999,2010-06-26 15:57:48.999999,2010-06-26 16:01:48.000000,1080.508,2980.3779999999997,12195.868999999999,6.643641872625,3.862217117579195,25.40480649351663
6109631_1_2,7:503478,6118830_1_2,7,2010-09-25 21:43:43.999999,2010-09-25 22:20:28.000001,2010-09-25 21:49:12.000000,2010-09-25 21:58:12.999999,26701.891,2339.802,25685.028,71.48314011901749,43.110065791754586,67.5440241037404
6061249_1_1,3:R17,6067397_1_1,1,2010-06-14 08:41:06.000000,2010-06-14 08:57:56.000000,2010-06-14 08:44:12.000000,2010-06-14 08:47:01.000000,2340.299,626.239,4633.209,13.587409981089998,8.164225147455861,6.641430835386639
6069504_2_1,3:723,6077968_1_1,1,2010-06-18 07:42:07.000000,2010-06-18 08:00:43.999999,2010-06-18 07:43:06.000000,2010-06-18 07:46:27.000000,7194.425,277.101,8057.518,19.258454938805002,4.9217722591582165,22.20147173915178
6141917_3_2,3:127,6028436_2_3,1,2010-06-04 11:41:29.000001,2010-06-04 11:50:42.000001,2010-06-04 12:05:23.999998,2010-06-04 12:07:16.000000,3011.947,2871.48,15697.146999999999,8.561560940942499,7.589372665891624,28.934484451493372
6077454_2_1,3:D17,6026699_1_1,5,2010-05-18 08:37:58.000000,2010-05-18 08:48:36.999999,2010-05-18 08:39:57.000000,2010-05-18 08:43:15.000000,1173.098,876.806,3022.059,9.2062457808625,8.754167285411635,3.758028530988365
6054760_3_4,8:632,6035842_2_2,1,2010-09-10 17:34:26.000000,2010-09-10 17:52:04.000000,2010-09-10 17:36:50.999999,2010-09-10 17:39:43.000000,1177.434,548.401,4963.388,10.598198840524997,6.913197748793666,7.5446918797055
6104383_3_2,3:122,6007906_1_3,1,2010-05-27 12:35:40.000000,2010-05-27 13:11:42.000000,2010-05-27 12:49:19.000001,2010-05-27 12:56:22.000000,1700.852,8424.64,14562.27,35.075237817382515,23.33392504957808,19.190056688010255
6071203_1_1,3:123,6068298_1_2,1,2010-06-20 17:34:22.000000,2010-06-20 18:02:19.000001,2010-06-20 17:38:16.000001,2010-06-20 17:42:51.000000,1371.59,624.081,18001.447,31.384353107627497,23.72261481139347,11.114791543884854
6030832_1_2,3:626,6035669_1_4,1,2010-05-10 18:31:01.000000,2010-05-10 18:33:43.000000,2010-05-10 18:41:17.000001,2010-05-10 19:02:10.000001,202.945,686.6669999999999,2779.676,4.84428784625,3.838118767295683,5.8618541173243175
6061323_2_1,3:G24,6068278_1_2,2,2010-06-23 16:14:18.999998,2010-06-23 16:29:51.000000,2010-06-23 16:25:18.999999,2010-06-23 16:31:30.000000,6618.473000000001,4104.613,1703.58,16.187455840364994,7.244396366146518,19.140457767397653
6065477_1_8,10:632,6067331_1_2,1,2010-06-17 21:24:04.000000,2010-06-17 21:47:21.000000,2010-06-17 21:33:57.000000,2010-06-17 21:38:59.000000,2328.0860000000002,961.633,3440.2070000000003,12.740422121847502,10.615912948913843,5.951872505784488
6118983_2_1,8:A24,6104482_1_2,7,2010-11-08 11:41:09.000002,2010-11-08 11:52:56.999999,2010-11-08 11:42:22.999999,2010-11-08 11:44:48.000000,5617.1759999999995,287.763,12766.248,19.773029351607498,10.18386088089022,25.00072269821728
6073640_2_3,3:R03,6074358_2_1,3,2010-06-18 18:40:02.000000,2010-06-18 19:06:34.999999,2010-06-18 18:44:11.000001,2010-06-18 18:55:39.000000,7539.861999999999,1284.901,14206.343,36.2797247997725,31.701619950194125,11.437447163882537
6119440_1_1,11:629,6103803_1_1,8,2010-11-02 10:17:38.000000,2010-11-02 10:36:47.000000,2010-11-02 10:22:15.000001,2010-11-02 10:27:56.000000,9342.283000000001,1635.082,4007.58,19.084949514475,9.575366054657296,18.957072807132704
6103100_1_1,11:128,6109168_1_2,6,2010-10-08 18:14:57.999999,2010-10-08 18:45:09.000000,2010-10-08 18:17:30.000000,2010-10-08 18:19:46.000000,7133.293000000001,718.992,20715.324,42.90724769121501,25.81077369629386,27.699366987903637
6103244_1_1,4:125S,6116243_1_2,5,2010-11-11 14:07:10.000001,2010-11-11 14:35:35.999998,2010-11-11 14:11:25.000000,2010-11-11 14:14:00.000000,1107.214,960.6419999999999,17521.414,35.2612716345,29.01376830304913,5.745863846927535
6102691_1_2,8:A25,6139439_2_3,3,2010-09-21 17:14:48.000000,2010-09-21 17:36:35.999999,2010-09-21 17:16:16.000001,2010-09-21 17:21:21.000000,6094.243,570.148,18966.781000000003,32.5142134329175,15.881552825401334,29.004022069323675
6104884_1_1,8:R11,6094751_1_2,3,2010-10-02 13:24:13.000000,2010-10-02 13:49:01.000001,2010-10-02 13:31:26.000000,2010-10-02 13:33:05.000000,22117.086,2307.394,18852.99,61.019755945525,42.97193629437978,29.187835057092748
6141071_4_3,3:629,6068162_1_3,1,2010-06-17 13:37:50.000000,2010-06-17 13:54:44.000000,2010-06-17 14:11:12.999999,2010-06-17 14:13:21.000001,2278.491,3654.17,13668.511999999999,7.8470340006225,5.828803410180683,28.88686442694348
6073316_1_4,3:F11,6065846_1_2,1,2010-06-14 17:18:02.999999,2010-06-14 17:54:54.000001,2010-06-14 17:34:01.999999,2010-06-14 17:38:25.000000,12037.231000000002,5583.205,9936.521,30.9202166203275,1.7730866048081664,46.214648221976006
6026168_1_2,10:R20,6017763_2_3,9,2010-05-23 16:30:48.000000,2010-05-23 17:07:27.999996,2010-05-23 16:39:24.000000,2010-05-23 16:46:29.000000,8956.708,1327.65,24914.819,54.6788668361,30.374808715038977,39.80241009554853
6057344_1_1,3:632,6027204_1_2,1,2010-06-16 09:35:21.000000,2010-06-16 09:49:19.000000,2010-06-16 09:42:55.000000,2010-06-16 09:49:44.000000,1493.441,870.0830000000001,1523.0410000000002,6.8290418913224995,2.4476977705071183,8.169799181030381
6063078_1_3,3:R27,6069041_2_5,3,2010-06-15 17:29:10.000000,2010-06-15 17:54:49.999999,2010-06-15 17:34:47.000000,2010-06-15 17:37:37.000001,6953.741,1324.229,15476.309,21.608672373820003,14.85340108194064,28.359215140752692
6116529_1_2,11:G15,6108555_1_4,1,2010-09-26 18:06:50.000001,2010-09-26 18:28:11.000001,2010-09-26 18:16:29.000001,2010-09-26 18:24:42.000000,2409.538,2920.0570000000002,8624.496,18.497387310585,1.7675610506698969,23.615774306232602
6110067_3_2,10:720,6035599_1_4,3,2010-05-28 22:39:23.000002,2010-05-28 23:05:24.999998,2010-05-28 22:48:10.000001,2010-05-28 22:50:10.000000,3644.664,3456.574,7236.865,11.239427460255001,4.011283477377997,22.918268150242003
6029725_2_4,3:125,6035599_1_4,1,2010-05-28 22:40:43.999999,2010-05-28 23:05:29.000001,2010-05-28 22:56:28.000000,2010-05-28 22:58:15.000000,2080.797,1738.453,3028.849,11.239427460255001,2.5376860418210168,14.907005940834816
6103599_1_4,13:401088,6126729_1_3,1,2010-11-05 14:25:13.000000,2010-11-05 14:41:52.000001,2010-11-05 14:27:16.000000,2010-11-05 14:29:08.000000,1312.815,599.117,8448.173,17.053066344475,13.579389504975323,5.5142825049121775
6024025_1_1,10:R16,6028436_2_2,1,2010-06-04 08:58:36.000001,2010-06-04 09:11:43.000001,2010-06-04 08:59:46.000000,2010-06-04 09:02:55.000001,2569.194,164.516,3240.2490000000003,8.6796991023175,3.6636455332238764,8.776466654581956
6073616_2_1,3:F11,6068388_1_1,1,2010-06-18 09:36:23.000000,2010-06-18 09:46:52.000000,2010-06-18 09:42:34.000000,2010-06-18 09:51:47.000000,2253.589,799.8889999999999,1478.6870000000001,10.522533252422502,6.4178170601835625,4.869239352020605
6020960_2_1,3:D15,6026699_1_1,1,2010-05-18 08:41:42.000000,2010-05-18 08:48:55.000000,2010-05-18 08:42:48.000000,2010-05-18 08:47:09.000000,3428.883,429.478,1857.537,9.2062457808625,8.062389896216862,3.8168432441781377
6060997_1_1,10:R20,6067397_1_1,1,2010-06-14 08:35:58.000000,2010-06-14 08:55:26.999998,2010-06-14 08:43:58.000000,2010-06-14 08:47:19.000000,1523.5410000000002,1990.273,4291.058,13.587409981089998,10.2876631918129,4.8366396069671005
6103760_2_1,13:401096,6102612_1_2,5,2010-11-12 18:09:49.000001,2010-11-12 18:19:30.000000,2010-11-12 18:14:09.000000,2010-11-12 18:20:11.000000,5997.227,1092.8039999999999,1413.4720000000002,16.1884407134,3.959410080659065,14.331948935460932
6067497_1_2,3:632,6022080_3_6,2,2010-06-07 18:52:36.999999,2010-06-07 19:11:55.999999,2010-06-07 18:56:06.000000,2010-06-07 19:01:11.000000,1306.631,921.8330000000001,3427.6290000000004,15.489957572299998,9.74698660340585,4.220692797124151
6035487_1_4,10:629,6072499_1_3,1,2010-06-18 20:38:48.000000,2010-06-18 20:46:29.000000,2010-06-18 20:51:57.999999,2010-06-18 20:55:06.000000,2902.447,1876.7720000000002,1491.9089999999999,9.44309050208,7.830980263811246,6.090762427408753
6063392_1_7,10:F22,6065846_1_2,1,2010-06-14 17:12:24.000000,2010-06-14 17:54:59.000002,2010-06-14 17:37:37.000001,2010-06-14 17:46:09.000000,6223.139,15108.841999999999,8401.273000000001,30.9202166203275,1.704851969415858,48.48360245866915
6096345_1_2,13:307394,6101080_2_1,1,2010-10-31 12:57:23.999998,2010-10-31 13:32:08.000000,2010-10-31 12:59:25.000000,2010-10-31 13:04:28.000000,15501.331,1220.443,30610.853,42.621829001497495,31.394348871667976,45.13345555737453
6126052_3_2,5:127,6104866_2_2,1,2010-11-08 14:32:43.000000,2010-11-08 14:52:59.999999,2010-11-08 15:08:56.000001,2010-11-08 15:11:50.000000,768.0,4238.789000000001,10725.09,8.07218312219,4.509892891565311,25.04177390704052
6067548_2_2,3:D15,6065846_1_2,4,2010-06-14 17:17:57.000002,2010-06-14 17:40:31.000001,2010-06-14 17:22:07.000000,2010-06-14 17:26:55.000000,10046.894,1504.87,9097.251,30.9202166203275,20.48514887709141,16.676018647876088
6090174_1_4,3:F27,6088818_1_2,1,2010-06-26 18:23:33.000000,2010-06-26 18:35:15.999999,2010-06-26 18:24:09.000000,2010-06-26 18:29:41.000000,7788.48,377.52,4948.195,20.759476008665,19.390446213172396,3.9815049401901
6005073_4_2,3:719,6068388_2_2,1,2010-06-18 18:25:34.000000,2010-06-18 18:35:43.000000,2010-06-18 18:47:05.000001,2010-06-18 18:59:49.000000,4199.955,4734.633,8509.558,10.043763478072501,6.497465902031952,24.60075020838305
6024453_1_2,10:D25,6021321_2_4,1,2010-05-26 20:15:32.999997,2010-05-26 20:34:41.000002,2010-05-26 20:18:15.000000,2010-05-26 20:25:53.999999,13824.018999999998,712.571,6870.774,39.73316345586999,15.246454732610994,22.388333227499
6010990_2_5,10:R17,6105208_2_5,1,2010-05-12 16:44:27.000000,2010-05-12 17:02:43.000000,2010-05-12 16:50:30.999999,2010-05-12 16:54:00.000000,3313.047,1689.82,6926.816999999999,21.7516234326525,4.818013021018057,17.713886170891946
6069663_1_4,10:F18,6104045_2_1,1,2010-06-18 16:59:06.999999,2010-06-18 17:25:30.999999,2010-06-18 17:04:06.999999,2010-06-18 17:05:03.000000,29201.183999999997,1462.3220000000001,13110.053,53.704269412017496,10.111808136060283,62.040575527412216
6126363_1_1,4:625S,6102805_1_1,1,2010-10-20 08:38:34.999999,2010-10-20 09:01:50.000000,2010-10-20 08:41:58.000001,2010-10-20 08:48:11.000000,2428.346,544.71,11510.628,16.4808659851325,3.163596756272441,23.18242294397089
6127634_3_2,10:D22,6027444_1_4,1,2010-06-07 17:50:47.999999,2010-06-07 18:13:16.000001,2010-06-07 17:52:25.000000,2010-06-07 17:52:37.000000,1412.69,433.111,8994.657,20.218146602035,16.78930015203947,4.050565417755531
6006057_2_4,3:626,6031396_1_2,4,2010-05-21 17:13:47.999998,2010-05-21 17:26:33.999998,2010-05-21 17:45:35.999999,2010-05-21 17:54:26.000001,4922.143,3810.3,11987.958,15.155790462209998,11.175482199993457,27.40062644164238
6073213_1_2,3:G21,6074358_2_1,3,2010-06-18 18:46:52.000000,2010-06-18 19:10:03.000003,2010-06-18 18:50:21.999999,2010-06-18 19:00:48.999999,13232.175,1522.6329999999998,13101.143999999998,36.2797247997725,30.950655811450527,19.376793095624468
6068416_2_2,10:628,6069024_1_1,9,2010-06-13 19:50:15.000000,2010-06-13 20:06:42.999998,2010-06-13 19:54:39.000001,2010-06-13 20:07:03.000000,7916.554,1157.744,4079.7070000000003,32.3777637801675,23.648499746715736,12.008158587171767
6060629_1_1,10:R31,6088357_1_1,1,2010-06-20 10:35:47.000001,2010-06-20 11:10:20.000000,2010-06-20 10:44:53.000000,2010-06-20 10:50:13.000000,1785.384,557.048,17945.104,31.56102752405751,22.634986817066693,14.96689617257331
6035925_1_1,3:635,6027403_1_1,1,2010-05-26 10:13:49.000001,2010-05-26 10:35:07.000000,2010-05-26 10:24:06.000000,2010-05-26 10:27:44.000000,3198.7740000000003,680.5930000000001,2689.573,11.898784578909998,7.941381425892067,7.896323942624598
6123821_2_2,13:402134,6126729_1_2,1,2010-11-05 13:04:02.999999,2010-11-05 13:28:00.000000,2010-11-05 13:07:11.000000,2010-11-05 13:09:06.000000,1120.932,772.837,10009.568000000001,18.173305051825,12.539419863403635,8.951551174163868
6052563_1_4,4:A12N,6052563_1_5,1,2010-06-28 23:52:36.000000,2010-06-29 00:05:30.000002,2010-06-28 23:54:36.000000,2010-06-28 23:58:18.000000,508.72900000000004,508.72900000000004,6188.451,13.113309965802493,9.753681060455982,4.940176142641519
6036689_1_2,3:R04,6014760_1_4,10,2010-05-16 19:15:46.000001,2010-05-16 19:44:52.000000,2010-05-16 19:16:23.000000,2010-05-16 19:20:56.000000,7615.179,420.483,29096.058999999997,54.03147903233,53.9433263753809,15.991483195261605
6036689_1_1,3:R04,6031020_1_1,1,2010-05-16 10:18:09.999999,2010-05-16 11:11:47.000000,2010-05-16 10:50:51.000000,2010-05-16 11:05:30.000000,10836.081,18386.718,14692.08,47.0263800527375,0.6524117718449151,73.61950226592758
6119374_3_3,5:A28,6140592_1_2,1,2010-11-19 19:31:41.000000,2010-11-19 19:42:53.000000,2010-11-19 19:33:20.000000,2010-11-19 19:39:46.000000,446.85699999999997,428.648,2145.52,8.1833072464075,7.805869355586947,1.1337406242672194
6139239_2_2,10:629,6031905_1_1,1,2010-06-01 17:08:21.000000,2010-06-01 17:15:35.000000,2010-06-01 17:34:40.999999,2010-06-01 17:40:46.000001,2156.174,1685.8570000000002,12738.061000000002,12.120890224010001,11.87181714318816,17.88415372214184
6062627_1_4,3:A20,6074358_2_1,3,2010-06-18 18:55:20.000000,2010-06-18 19:18:24.999999,2010-06-18 18:57:15.000000,2010-06-18 19:07:26.000001,17675.051,488.338,13133.9,36.2797247997725,18.334000294734672,37.9659828115745
6097566_2_1,3:B10,6067397_1_1,6,2010-06-14 08:48:43.000000,2010-06-14 08:58:28.000000,2010-06-14 08:55:11.000001,2010-06-14 08:56:27.000000,3675.866,2136.196,1063.136,13.587409981089998,9.127768068817137,8.299340316245361
6042112_1_4,10:626,6026699_1_2,3,2010-05-18 18:12:56.000000,2010-05-18 18:23:39.999999,2010-05-18 18:41:14.000001,2010-05-18 18:43:26.000001,2809.032,6806.86,10608.776000000002,13.10910002128,8.832348627957384,28.24511400960012
6093703_1_3,7:103611,6120262_1_2,4,2010-09-27 15:16:41.000001,2010-09-27 15:31:51.999998,2010-09-27 15:18:58.000000,2010-09-27 15:24:06.000000,15682.649,1428.6070000000002,5126.821,27.891589434367514,9.128578394632502,29.79366670311
6101182_1_4,4:D20S,6111427_1_3,1,2010-10-23 00:17:26.000001,2010-10-23 00:54:29.000001,2010-10-23 00:26:54.000001,2010-10-23 00:34:53.999999,5004.496,1477.4360000000001,19903.185,41.1563331091375,3.3443550127283737,42.76967798578913
6128891_2_3,10:A41,6059753_1_4,9,2010-06-17 19:48:19.000000,2010-06-17 20:03:13.000000,2010-06-17 19:55:56.000000,2010-06-17 19:57:35.000000,767.7689999999999,1464.656,2594.22,16.618738577472506,15.540594916256664,4.996563926524174
6043792_1_3,3:635,6034358_1_2,1,2010-06-01 17:15:36.000001,2010-06-01 17:27:08.999999,2010-06-01 17:17:16.000000,2010-06-01 17:21:55.000000,3334.2490000000003,407.08,2606.243,12.501298210492502,10.795391409376807,3.0651014936531924
6067479_1_4,10:L01,6069041_1_2,1,2010-06-15 18:03:08.000000,2010-06-15 18:34:37.000001,2010-06-15 18:08:20.000000,2010-06-15 18:11:46.000000,983.283,760.403,8216.737,16.121200604062498,15.486294392715195,5.1331672737839735
6029725_1_4,3:125,6035599_1_4,1,2010-05-28 22:40:43.999999,2010-05-28 23:05:29.000001,2010-05-28 22:56:28.000000,2010-05-28 22:58:15.000000,2080.797,1738.453,3028.849,11.239427460255001,2.5376860418210168,14.907005940834816
6115525_2_3,3:631,6037837_1_4,1,2010-05-24 17:59:44.000000,2010-05-24 18:16:53.000002,2010-05-24 18:21:07.000000,2010-05-24 18:29:59.000000,2608.085,5896.859,1775.757,12.649798112354993,0.7337717677617949,20.14321855158237
6066152_2_1,10:126,6028743_2_2,1,2010-06-23 08:51:36.999999,2010-06-23 09:08:10.000000,2010-06-23 08:54:09.000000,2010-06-23 08:56:26.000000,1672.095,698.2719999999999,3925.327,13.183079211107502,2.18603621247405,10.59386797871095
6073616_1_3,3:631,6056214_1_4,1,2010-06-18 16:04:27.000000,2010-06-18 16:24:37.000000,2010-06-18 16:06:28.000000,2010-06-18 16:11:38.000000,1097.114,358.031,10689.738000000001,22.95936826450501,21.781610527124762,1.3045847093577378
6028927_1_3,3:R17,6065477_1_5,1,2010-06-17 14:14:19.000000,2010-06-17 14:18:24.000001,2010-06-17 14:26:10.000000,2010-06-17 14:37:02.000000,1283.129,856.534,2777.1040000000003,5.8572114336125,4.849410864142849,6.061763538082984
6032076_1_1,10:626,6035422_1_1,1,2010-05-19 07:18:14.000001,2010-05-19 07:32:38.999999,2010-05-19 07:36:35.000001,2010-05-19 07:42:34.000000,836.988,7256.534000000001,994.602,13.565652675524998,7.559458990091687,10.264949414918313
6058776_2_2,3:251,6063673_1_3,1,2010-06-18 17:03:01.000000,2010-06-18 17:31:42.000001,2010-06-18 17:05:15.000000,2010-06-18 17:09:32.000001,796.7360000000001,884.5369999999999,19689.896,34.353681305630005,30.479268380276853,6.719293251470657
6126530_1_2,5:629,6119073_1_2,1,2010-10-13 18:11:29.000000,2010-10-13 18:24:43.000000,2010-10-13 18:40:40.000001,2010-10-13 18:47:25.000000,3266.48,9354.246,10160.98,14.532053592127497,5.273326923422591,34.603068340559076
6012497_1_1,3:723,6072815_1_6,1,2010-06-22 09:38:48.000000,2010-06-22 09:52:42.000000,2010-06-22 09:47:26.000000,2010-06-22 09:53:18.999999,2000.119,1349.965,1473.7079999999999,7.7615784004199995,3.5956508519535424,8.577760295126458
6086863_3_1,13:101407,6116243_1_2,1,2010-11-11 14:15:51.999999,2010-11-11 14:41:09.999999,2010-11-11 14:24:08.000000,2010-11-11 14:37:34.000000,14053.157,2430.235,15144.521,35.2612716345,34.51087683525327,18.380792993220894
6127772_1_2,13:304696,6025261_2_3,1,2010-11-15 16:03:41.000000,2010-11-15 16:23:14.999999,2010-11-15 16:07:26.000000,2010-11-15 16:19:12.000000,7915.669,1978.876,11634.014,22.21807452692749,1.2219016318902969,35.341153954082195
6047419_3_3,3:D17,6021151_1_3,1,2010-05-31 20:16:53.000000,2010-05-31 21:00:58.000001,2010-05-31 20:38:56.999999,2010-05-31 20:53:22.000000,3959.36,18781.444,23008.775,49.672058000822496,21.91149832569167,52.65715580633083
6058878_2_2,3:251,6063673_1_3,1,2010-06-18 17:03:01.000000,2010-06-18 17:31:42.000001,2010-06-18 17:05:15.000000,2010-06-18 17:09:32.000001,796.7360000000001,884.5369999999999,19689.896,34.353681305630005,30.479268380276853,6.719293251470657
6055905_2_2,8:225,6105785_1_3,1,2010-09-24 17:14:38.000000,2010-09-24 17:28:44.000002,2010-09-24 17:49:55.000000,2010-09-24 17:55:35.000000,4114.365,9764.175,17584.243000000002,14.295828532485,10.198142278272693,42.677010060459814
6128345_7_4,11:132,6119263_1_3,1,2010-11-18 21:38:33.000000,2010-11-18 22:05:43.000000,2010-11-18 21:42:20.000000,2010-11-18 21:47:39.000000,1831.606,313.914,10919.482,17.88729248481,7.178718250540206,17.836815143814793
6032535_2_1,3:628,6028436_2_2,1,2010-06-04 08:57:12.000001,2010-06-04 09:12:05.000000,2010-06-04 09:00:39.000001,2010-06-04 09:11:57.000000,1895.236,1157.744,3829.633,8.6796991023175,3.637961956333817,10.053678349723684
6100777_2_1,4:117N,6104482_1_2,4,2010-11-08 11:40:13.000000,2010-11-08 11:48:31.000000,2010-11-08 11:54:05.000000,2010-11-08 12:11:31.000000,2460.488,7259.883000000001,5221.416,19.773029351607498,17.25482457683993,10.581114870767571
6073640_1_4,3:D19,6073662_1_3,1,2010-06-18 23:16:17.000000,2010-06-18 23:49:12.000000,2010-06-18 23:21:18.000000,2010-06-18 23:28:31.000000,1881.3529999999998,1593.299,17744.148,27.5668685609075,3.596077411468352,32.865790025531645
6078093_2_1,3:F11,6068388_1_1,1,2010-06-18 09:36:23.000000,2010-06-18 09:46:52.000000,2010-06-18 09:42:34.000000,2010-06-18 09:51:47.000000,2253.589,799.8889999999999,1478.6870000000001,10.522533252422502,6.4178170601835625,4.869239352020605
6032675_1_6,3:A15,6011279_1_4,1,2010-05-24 23:10:11.999999,2010-05-24 23:36:16.000000,2010-05-24 23:16:56.000000,2010-05-24 23:26:43.000000,6496.726,1562.521,19309.546000000002,26.44581896440249,24.26628619316545,23.06914950150872
6060529_1_3,3:F18,6022080_2_5,1,2010-06-07 17:59:41.000000,2010-06-07 18:32:52.999999,2010-06-07 18:10:32.000001,2010-06-07 18:16:51.000000,3696.268,8544.028,19013.146,12.755645555349993,8.382432261307162,44.167524011147854
6099704_3_1,10:L06,6067397_1_1,1,2010-06-14 08:38:01.000000,2010-06-14 09:03:13.000000,2010-06-14 08:51:37.000000,2010-06-14 08:59:22.000000,2244.5589999999997,961.534,4987.875,13.587409981089998,5.52721173121071,14.394856827442618
6051211_2_1,13:101407,6116243_1_2,1,2010-11-11 14:15:51.999999,2010-11-11 14:41:09.999999,2010-11-11 14:24:08.000000,2010-11-11 14:37:34.000000,14053.157,2430.235,15144.521,35.2612716345,34.51087683525327,18.380792993220894
6102224_1_5,5:628,6104276_1_7,1,2010-11-01 19:09:09.000000,2010-11-01 19:25:27.000000,2010-11-01 19:15:45.000000,2010-11-01 19:22:54.000000,1088.3519999999999,525.379,2918.135,9.151824243259998,5.01952382147302,8.000401449241977
6030887_1_2,10:120,6030217_1_2,10,2010-05-24 19:08:50.000001,2010-05-24 19:17:13.000001,2010-05-24 19:12:09.000000,2010-05-24 19:18:51.000000,3321.111,815.8560000000001,1420.875,14.501491459492495,12.238677935812808,5.148534777609692
6013691_1_2,3:243,6021153_1_3,5,2010-06-02 17:47:58.000000,2010-06-02 18:05:47.000000,2010-06-02 18:19:15.000001,2010-06-02 18:24:04.000000,3398.289,6918.749,13042.353000000001,15.66048662954,12.9729906727452,32.3059990569198
6096067_1_5,6:905059,6118830_1_2,2,2010-09-25 21:20:06.000001,2010-09-25 22:23:54.000000,2010-09-25 21:36:46.999999,2010-09-25 21:58:04.000000,17387.279,10708.478000000001,36253.419,71.48314011901749,33.639150649573175,71.19470932481683
6087274_2_3,3:116,6007906_1_3,7,2010-05-27 12:36:45.000000,2010-05-27 13:15:02.000000,2010-05-27 12:47:12.999998,2010-05-27 13:01:46.999999,3736.933,7989.986999999999,23430.83,35.075237817382515,26.306999409762692,34.48826451402731
6061318_2_1,5:G24,6116243_1_2,1,2010-11-11 14:18:52.000001,2010-11-11 14:53:02.000000,2010-11-11 14:36:34.000000,2010-11-11 14:48:12.000000,6920.729,2658.302,13064.067,35.2612716345,11.033970749564308,30.75377369549736
6025751_1_1,3:630,6067397_1_1,2,2010-06-14 08:49:12.000001,2010-06-14 08:58:26.999999,2010-06-14 08:51:32.000000,2010-06-14 08:52:47.000000,4036.312,667.7710000000001,2032.506,13.587409981089998,7.694210449373772,6.971689875003729
6028567_1_6,3:A27,6072982_1_3,1,2010-06-17 21:35:24.000000,2010-06-17 22:00:29.999999,2010-06-17 21:42:51.000000,2010-06-17 21:49:18.000000,1244.73,596.636,8785.721,17.050061859692498,5.660343886142528,16.788065304549974
6073640_3_3,3:R03,6074358_2_1,3,2010-06-18 18:40:02.000000,2010-06-18 19:06:34.999999,2010-06-18 18:44:11.000001,2010-06-18 18:55:39.000000,7539.861999999999,1284.901,14206.343,36.2797247997725,31.701619950194125,11.437447163882537
6083339_1_4,1:100924,6054507_1_3,4,2010-06-27 19:29:48.000000,2010-06-27 19:47:26.999997,2010-06-27 19:34:58.000000,2010-06-27 19:37:33.000000,5102.8009999999995,458.751,10940.957,28.07851336544249,12.750418242486761,19.32361513183407
6066786_1_2,3:D18,6071921_1_2,1,2010-06-11 11:40:33.000001,2010-06-11 12:02:13.000000,2010-06-11 11:46:49.999999,2010-06-11 11:53:38.000001,2629.528,512.32,7232.765,16.948871748340007,6.711955806763472,14.224253322627364
6061297_4_1,10:G24,6068278_1_2,2,2010-06-23 16:14:18.999998,2010-06-23 16:29:51.000000,2010-06-23 16:25:18.999999,2010-06-23 16:31:30.000000,6618.473000000001,4104.613,1703.58,16.187455840364994,7.244396366146518,19.140457767397653
6036798_2_3,10:631,6037837_1_4,1,2010-05-24 17:59:44.000000,2010-05-24 18:16:53.000002,2010-05-24 18:21:07.000000,2010-05-24 18:29:59.000000,2608.085,5896.859,1775.757,12.649798112354993,0.7337717677617949,20.14321855158237
6006005_1_1,3:629,6031819_2_1,1,2010-05-17 08:37:37.000000,2010-05-17 08:54:35.000001,2010-05-17 08:42:09.000000,2010-05-17 08:48:59.000000,1700.453,1140.127,2865.36,14.946382533494994,4.274485453893437,7.622611988789897
6042112_2_4,10:626,6026699_1_2,3,2010-05-18 18:12:56.000000,2010-05-18 18:23:39.999999,2010-05-18 18:41:14.000001,2010-05-18 18:43:26.000001,2809.032,6806.86,10608.776000000002,13.10910002128,8.832348627957384,28.24511400960012
6007626_2_3,3:116,6007906_1_3,7,2010-05-27 12:36:45.000000,2010-05-27 13:15:02.000000,2010-05-27 12:47:12.999998,2010-05-27 13:01:46.999999,3736.933,7989.986999999999,23430.83,35.075237817382515,26.306999409762692,34.48826451402731
6103503_1_1,5:A33,6119629_1_3,1,2010-09-25 13:07:10.000000,2010-09-25 13:41:09.000001,2010-09-25 13:12:54.999999,2010-09-25 13:17:25.000000,1382.759,789.8380000000001,20290.931,33.685467011362505,16.99894779320333,21.86984768235001
6024711_1_1,10:124,6033603_2_1,1,2010-06-01 09:16:20.000001,2010-06-01 09:39:54.000003,2010-06-01 09:16:55.000000,2010-06-01 09:20:36.000000,10428.582,124.815,12318.198,34.186114946627505,4.684794958434852,34.071236343427636
6061370_2_1,3:G24,6068278_1_2,2,2010-06-23 16:14:18.999998,2010-06-23 16:29:51.000000,2010-06-23 16:25:18.999999,2010-06-23 16:31:30.000000,6618.473000000001,4104.613,1703.58,16.187455840364994,7.244396366146518,19.140457767397653
6139483_2_2,8:225,6105785_1_3,1,2010-09-24 17:14:38.000000,2010-09-24 17:28:44.000002,2010-09-24 17:49:55.000000,2010-09-24 17:55:35.000000,4114.365,9764.175,17584.243000000002,14.295828532485,10.198142278272693,42.677010060459814
6033330_1_2,3:116,6006183_2_3,1,2010-05-10 16:15:51.000000,2010-05-10 16:44:05.000000,2010-05-10 16:28:56.000000,2010-05-10 16:34:21.000000,10847.113000000001,2083.215,11137.226999999999,31.567837438222494,5.578816541353623,38.42838525340887
6062649_1_2,3:D17,6056214_1_4,1,2010-06-18 16:05:20.000000,2010-06-18 16:40:56.999999,2010-06-18 16:57:23.999999,2010-06-18 17:01:32.000000,1420.601,11120.091999999999,10944.523000000001,22.95936826450501,11.336190840369813,35.41305620413685
6125951_2_2,5:127,6104866_2_2,1,2010-11-08 14:32:43.000000,2010-11-08 14:52:59.999999,2010-11-08 15:08:56.000001,2010-11-08 15:11:50.000000,768.0,4238.789000000001,10725.09,8.07218312219,4.509892891565311,25.04177390704052
6119023_2_2,3:D19,6067195_2_4,1,2010-06-07 17:57:44.000000,2010-06-07 18:14:09.000000,2010-06-07 18:04:30.000000,2010-06-07 18:08:33.000000,2758.972,1731.6570000000002,2038.604,20.218146602035,10.865968248079364,3.2767218480281364
6124338_1_1,5:M14,6109168_1_2,6,2010-10-08 18:20:24.000000,2010-10-08 18:51:47.000000,2010-10-08 18:25:47.000000,2010-10-08 18:36:57.000000,14440.976999999999,2478.367,15755.441,42.90724769121501,15.534581344546206,44.355759485391296
6079245_1_4,10:J28,6063673_1_3,3,2010-06-18 17:05:32.000000,2010-06-18 17:35:33.999997,2010-06-18 17:18:21.000000,2010-06-18 17:38:01.000000,1241.027,9050.43,11894.836000000001,34.353681305630005,28.09834040785949,13.506830747594677
6043950_1_4,10:D17,6026699_1_2,1,2010-05-18 18:12:31.000000,2010-05-18 18:20:33.000000,2010-05-18 18:37:58.999998,2010-05-18 18:58:03.999999,2785.592,2141.155,10263.13,13.10910002128,12.97645821349604,14.61991443992146
6053528_1_2,3:504,6074358_2_1,1,2010-06-18 18:48:10.999999,2010-06-18 19:23:21.999997,2010-06-18 18:52:31.000000,2010-06-18 18:54:43.000000,14619.277,1693.815,27866.861,36.2797247997725,11.21898275130735,61.411371187600146
6011639_2_2,10:D18,6026263_1_5,5,2010-05-24 18:14:19.000001,2010-05-24 18:26:33.000000,2010-05-24 18:49:06.999998,2010-05-24 18:58:15.000000,3623.505,3261.1820000000002,16404.205,10.071956633770002,7.197094946664723,34.36493579265777
6018309_1_2,3:629,6067994_1_5,1,2010-06-14 17:34:09.000000,2010-06-14 18:04:25.000001,2010-06-14 18:22:55.000002,2010-06-14 18:29:40.000000,1181.5910000000001,8657.775,9369.975,14.540870846617501,12.364830466157775,25.97548810011973
6102380_1_3,4:632N,6102385_1_2,1,2010-10-01 18:44:18.999999,2010-10-01 18:51:20.999999,2010-10-01 18:46:50.999999,2010-10-01 18:48:25.000000,2686.1259999999997,548.401,1107.494,9.2858990173575,8.956308447629299,1.7887063793481999
6115803_1_2,5:701,6118200_1_3,1,2010-10-08 21:43:58.000000,2010-10-08 22:18:42.000000,2010-10-08 21:46:36.000000,2010-10-08 21:56:23.000000,10239.537,693.472,27225.461,34.623185598602504,30.15725205187695,33.23249793738139
6120502_1_1,6:402502,6094751_1_2,3,2010-10-02 13:20:18.000000,2010-10-02 13:41:34.000004,2010-10-02 13:29:35.000000,2010-10-02 13:48:13.000000,22294.452999999998,6398.735,9491.988000000001,61.019755945525,51.97624121419025,12.273020599597226
6074080_1_3,10:L10,6059753_1_4,4,2010-06-17 19:48:46.000001,2010-06-17 20:09:35.000000,2010-06-17 19:50:57.000000,2010-06-17 19:58:52.000000,5829.766,1279.491,7444.149,16.618738577472506,14.44258025048418,13.41717448213082
6032078_1_4,10:626,6005839_3_4,6,2010-06-05 21:57:37.999998,2010-06-05 22:22:00.000000,2010-06-05 22:00:42.000000,2010-06-05 22:12:11.000000,23420.269,1194.164,14862.322,60.77833917518004,54.25536223928535,13.176302258112154
6036477_2_1,10:G19,6078093_3_1,3,2010-05-17 08:52:05.000000,2010-05-17 09:06:24.999999,2010-05-17 09:24:03.000000,2010-05-17 09:34:32.000000,1816.7920000000001,5440.491999999999,13288.071000000002,12.775330900625,10.94407711690268,28.015147322477322
6091221_1_1,11:R30,6088213_2_1,1,2010-06-29 08:07:18.000000,2010-06-29 08:26:29.000000,2010-06-29 08:08:53.000000,2010-06-29 08:12:29.000000,2115.795,458.725,5817.696999999999,12.523650790785,11.186255944663111,4.850444729104384
6056414_1_1,10:D15,6068018_1_1,1,2010-06-21 09:05:10.999999,2010-06-21 09:14:59.000000,2010-06-21 09:07:18.000000,2010-06-21 09:10:09.000000,1507.3120000000001,470.529,2200.254,8.04048698748,7.4667804864414755,2.0235871841710256
6037631_1_3,3:R06,6031020_1_2,8,2010-05-16 22:02:03.000000,2010-05-16 22:33:05.000001,2010-05-16 22:09:49.000000,2010-05-16 22:15:21.000000,11987.906,1369.399,11776.745,48.29043336861251,20.595510827143613,42.02037116761638
6097477_2_1,4:128N,6103267_1_1,1,2010-10-06 08:02:33.000000,2010-10-06 08:16:06.000000,2010-10-06 08:06:47.000000,2010-10-06 08:11:22.999999,3035.4429999999998,1319.6870000000001,2783.065,10.818683331305001,10.541161992440829,3.5475064209216707
6053986_1_2,10:104,6055122_1_3,1,2010-06-13 17:02:41.000000,2010-06-13 17:25:22.000001,2010-06-13 17:08:59.000000,2010-06-13 17:15:26.000000,1430.8429999999998,997.39,18079.027,27.401161498625,19.10823533177172,17.274972968544937
6062359_1_4,5:R28,6092155_1_2,1,2010-06-27 16:12:08.000001,2010-06-27 16:29:49.000001,2010-06-27 16:36:04.000000,2010-06-27 16:40:28.000001,3830.5840000000003,10227.545,2755.5359999999996,10.137864214307498,3.0309132200136966,26.434563026773805
6025673_1_4,10:A30,6026263_1_5,1,2010-05-24 18:12:15.000001,2010-05-24 18:25:47.999999,2010-05-24 18:21:27.000000,2010-05-24 18:25:35.000000,3186.974,2688.9120000000003,1208.5639999999999,10.071956633770002,3.3727239001673746,11.632455552207627
6102264_2_5,4:628N,6104276_1_7,1,2010-11-01 19:09:09.000000,2010-11-01 19:25:27.000000,2010-11-01 19:15:45.000000,2010-11-01 19:22:54.000000,1088.3519999999999,525.379,2918.135,9.151824243259998,5.01952382147302,8.000401449241977
6117807_1_1,11:712,6123890_1_1,1,2010-10-20 09:11:53.999999,2010-10-20 09:57:31.999999,2010-10-20 09:16:31.000000,2010-10-20 09:22:29.000000,13651.163999999999,1309.35,34813.307,45.63285461244999,28.318068636168064,52.24195369197609
6103332_3_1,13:400316,6029556_2_1,2,2010-10-19 10:34:13.000000,2010-10-19 10:45:28.000001,2010-10-19 11:00:40.000001,2010-10-19 11:09:10.000001,745.4069999999999,2244.2529999999997,6860.972,6.617900025522501,6.568430035008332,13.461672654330835
6071995_1_1,5:635,6116243_1_2,8,2010-11-11 14:18:17.000000,2010-11-11 14:49:59.000000,2010-11-11 14:22:06.000000,2010-11-11 14:25:56.000000,6479.856,680.5930000000001,17413.519,35.2612716345,16.255197510679547,28.416132270412124
6097476_1_2,13:400024,6126729_1_2,1,2010-11-05 13:12:45.000001,2010-11-05 13:35:23.999999,2010-11-05 13:26:02.000000,2010-11-05 13:29:03.000000,3462.656,2504.7039999999997,2977.616,18.173305051825,3.6374807745712943,13.757890924002036
6116959_1_1,8:A07,6119073_1_1,5,2010-10-13 07:38:41.000000,2010-10-13 07:53:19.000001,2010-10-13 07:40:57.999999,2010-10-13 07:46:12.000000,4460.1359999999995,805.4810000000001,10080.149,13.613897473392498,1.4153508944465558,27.579122355240944
6038960_1_3,3:F01,6069496_1_3,8,2010-06-19 16:25:09.000002,2010-06-19 17:06:44.999998,2010-06-19 16:30:13.999999,2010-06-19 16:41:20.000000,22902.046000000002,1961.645,32714.392999999996,41.64137391430749,6.358425539054469,91.13742988478052
6069399_1_1,3:119,6069041_1_1,5,2010-06-15 14:38:32.000000,2010-06-15 15:11:54.000000,2010-06-15 15:00:02.000001,2010-06-15 15:05:51.000000,1553.536,8854.233,3100.0609999999997,14.619794596177499,9.069871290923901,16.193842923067766
6029986_1_1,10:127,6031020_1_1,1,2010-05-16 10:14:00.999999,2010-05-16 10:49:32.999999,2010-05-16 10:19:53.000000,2010-05-16 10:24:29.000000,7098.695,385.76599999999996,21802.39,47.0263800527375,31.331259747539498,18.757073324263
6108905_1_2,5:723,6106747_1_4,1,2010-10-24 17:48:09.000000,2010-10-24 18:24:00.000001,2010-10-24 18:04:49.000001,2010-10-24 18:17:08.000000,13261.136999999999,10657.791000000001,8616.36,44.96932203667251,21.22247978761636,33.01873131200364
6097754_1_1,8:D17,6101645_1_1,5,2010-10-22 08:06:48.000000,2010-10-22 08:25:12.999999,2010-10-22 08:14:04.000000,2010-10-22 08:18:24.000000,781.822,606.275,3371.4709999999995,9.739215882120002,3.9780297375169,9.630210933648096
6072628_1_2,10:626,6069041_2_5,3,2010-06-15 17:30:40.000000,2010-06-15 17:43:45.000001,2010-06-15 17:33:42.000000,2010-06-15 17:36:35.000000,8448.07,1194.164,3594.2540000000004,21.608672373820003,21.353917471045147,5.186739639662352
6103624_2_2,3:626,6035669_1_4,1,2010-05-10 18:31:01.000000,2010-05-10 18:33:43.000000,2010-05-10 18:41:17.000001,2010-05-10 19:02:10.000001,202.945,686.6669999999999,2779.676,4.84428784625,3.838118767295683,5.8618541173243175
6107309_1_1,5:723,6101719_1_1,1,2010-11-12 09:12:11.000001,2010-11-12 09:29:59.999999,2010-11-12 09:17:07.000000,2010-11-12 09:24:19.000000,2809.926,1209.823,3998.382,8.508657414002503,4.390623810055087,11.064961383947415
6037578_1_1,11:R16,6035391_1_1,7,2010-06-30 08:53:25.000000,2010-06-30 08:59:31.000000,2010-06-30 09:08:53.000000,2010-06-30 09:10:17.000000,1887.9070000000002,1682.229,2586.121,8.652720726925,8.640230700183452,7.099422013606549
6055681_1_4,3:631,6065846_1_2,1,2010-06-14 17:16:03.000001,2010-06-14 17:43:15.999999,2010-06-14 17:58:58.000000,2010-06-14 18:01:05.000000,9570.962,9431.729,12459.896,30.9202166203275,25.47895366865495,30.77589419162089
6070541_1_1,8:639,6065506_1_2,1,2010-11-11 12:34:11.999999,2010-11-11 12:56:30.999999,2010-11-11 12:39:35.000000,2010-11-11 12:47:15.000000,938.1610000000001,764.612,3873.772,9.01762395353,6.257271163180133,6.245487201474035
6036778_2_1,3:R11,6077968_1_1,1,2010-06-18 07:40:38.999999,2010-06-18 08:03:33.000000,2010-06-18 07:44:52.999999,2010-06-18 07:44:56.000000,5565.036999999999,1375.096,7808.616,19.258454938805002,0.38330062980742935,25.52781165739007
6057248_1_1,3:G29,6076464_2_1,11,2010-06-19 11:12:01.000000,2010-06-19 11:35:51.000000,2010-06-19 11:58:23.999998,2010-06-19 12:02:19.000000,3985.51,10093.572,18590.86,18.861690914175004,8.54272199790574,53.512901516045076
6117001_3_1,11:A07,6119073_1_1,5,2010-10-13 07:38:41.000000,2010-10-13 07:53:19.000001,2010-10-13 07:40:57.999999,2010-10-13 07:46:12.000000,4460.1359999999995,805.4810000000001,10080.149,13.613897473392498,1.4153508944465558,27.579122355240944
6024979_1_2,3:D22,6027444_1_4,1,2010-06-07 17:50:47.999999,2010-06-07 18:13:16.000001,2010-06-07 17:52:25.000000,2010-06-07 17:52:37.000000,1412.69,433.111,8994.657,20.218146602035,16.78930015203947,4.050565417755531
6094025_2_3,10:116,6007906_1_3,7,2010-05-27 12:36:45.000000,2010-05-27 13:15:02.000000,2010-05-27 12:47:12.999998,2010-05-27 13:01:46.999999,3736.933,7989.986999999999,23430.83,35.075237817382515,26.306999409762692,34.48826451402731
6028211_1_4,3:629,6026263_1_5,1,2010-05-24 18:06:40.000000,2010-05-24 18:28:22.999999,2010-05-24 18:14:59.000000,2010-05-24 18:16:52.000000,1745.215,505.30800000000005,5959.371,10.071956633770002,0.910595460158951,18.456212984859377
6085969_1_1,1:101414,6087725_1_1,6,2010-06-28 08:09:51.000000,2010-06-28 08:17:07.000001,2010-06-28 08:17:07.000001,2010-06-28 08:31:36.000000,3354.24,4302.4529999999995,0.0,12.02301528294,9.788274114445953,9.507807945264048
6067994_2_5,4:628N,6104276_1_7,1,2010-11-01 19:09:09.000000,2010-11-01 19:25:27.000000,2010-11-01 19:15:45.000000,2010-11-01 19:22:54.000000,1088.3519999999999,525.379,2918.135,9.151824243259998,5.01952382147302,8.000401449241977
6060361_1_1,3:F14,6067397_1_1,1,2010-06-14 08:41:05.000000,2010-06-14 09:06:34.000000,2010-06-14 08:48:30.000000,2010-06-14 08:53:05.999999,2578.319,644.795,7587.4,13.587409981089998,2.23612958299421,19.323886820407452
6073473_1_1,3:R11,6077968_1_1,1,2010-06-18 07:40:38.999999,2010-06-18 08:03:33.000000,2010-06-18 07:44:52.999999,2010-06-18 07:44:56.000000,5565.036999999999,1375.096,7808.616,19.258454938805002,0.38330062980742935,25.52781165739007
6131861_3_1,13:400027,6123890_1_1,1,2010-10-20 09:18:55.999998,2010-10-20 10:02:22.000001,2010-10-20 09:21:39.000000,2010-10-20 09:29:16.000000,13355.563,1004.9760000000001,34054.6,45.63285461244999,18.90060714188552,59.30880119703697
6101073_1_1,13:400190,6116243_1_1,1,2010-11-11 11:17:01.000000,2010-11-11 11:36:16.000001,2010-11-11 11:20:24.000000,2010-11-11 11:21:47.000000,15521.078000000001,288.528,4509.226,31.4747501607075,28.082282256948872,7.354883473064464
6005152_1_2,3:719,6068388_2_2,1,2010-06-18 18:25:34.000000,2010-06-18 18:35:43.000000,2010-06-18 18:47:05.000001,2010-06-18 18:59:49.000000,4199.955,4734.633,8509.558,10.043763478072501,6.497465902031952,24.60075020838305
6026362_3_1,3:631,6068018_1_1,1,2010-06-21 09:02:49.000000,2010-06-21 09:15:49.000000,2010-06-21 09:10:20.000001,2010-06-21 09:12:46.000000,809.317,2228.937,1462.878,8.04048698748,7.187359130574472,2.8048230993555285
6043770_2_1,11:712,6123890_1_1,1,2010-10-20 09:11:53.999999,2010-10-20 09:57:31.999999,2010-10-20 09:16:31.000000,2010-10-20 09:22:29.000000,13651.163999999999,1309.35,34813.307,45.63285461244999,28.318068636168064,52.24195369197609
6037490_2_1,10:131,6067397_1_1,1,2010-06-14 08:36:07.000001,2010-06-14 09:02:49.000000,2010-06-14 08:45:45.000000,2010-06-14 08:49:33.000000,1380.1070000000002,156.845,6470.102,13.587409981089998,5.722679630774487,13.46903157347718
6036575_1_4,10:634,6027174_1_3,3,2010-05-26 13:13:26.000000,2010-05-26 13:28:04.000000,2010-05-26 13:18:43.999999,2010-05-26 13:25:49.000000,25483.81,548.28,2253.481,49.864141020622505,40.86269633962301,10.370637599843652
6055186_5_4,5:632,6035842_2_2,1,2010-09-10 17:34:26.000000,2010-09-10 17:52:04.000000,2010-09-10 17:36:50.999999,2010-09-10 17:39:43.000000,1177.434,548.401,4963.388,10.598198840524997,6.913197748793666,7.5446918797055
6031869_1_1,10:630,6068018_1_1,1,2010-06-21 09:03:38.999999,2010-06-21 09:17:55.000000,2010-06-21 09:08:27.000000,2010-06-21 09:14:39.000001,968.0060000000001,1607.965,2010.983,8.04048698748,5.561509693169167,4.563990791665831
6089330_2_1,3:A25,6068162_1_3,1,2010-06-17 13:34:51.000001,2010-06-17 13:52:32.999999,2010-06-17 13:41:07.000000,2010-06-17 13:45:50.000000,1105.0639999999999,1189.276,2778.518,7.8470340006225,2.1306501310706136,9.609666983057721
6140320_1_2,13:401782,6139732_1_6,1,2010-11-26 23:09:38.000001,2010-11-26 23:27:40.000000,2010-11-26 23:47:07.000000,2010-11-26 23:58:49.999999,2540.451,5123.997,7048.315,13.211606197719998,13.10090083142457,14.200976473757931
6035016_1_1,3:111,6033603_2_1,1,2010-06-01 09:02:24.000000,2010-06-01 09:35:30.000000,2010-06-01 09:17:51.000000,2010-06-01 09:39:39.000000,530.409,4629.141,16254.382,34.186114946627505,12.961606155537774,26.54338469639223
6122001_2_2,11:M16,6115896_1_3,1,2010-10-10 18:49:02.000001,2010-10-10 19:21:46.999999,2010-10-10 18:57:08.999999,2010-10-10 19:04:30.000000,4898.832,579.93,17135.663,37.1131855683425,21.550898279384278,18.965638072303232
6065759_2_2,3:D21,6069041_1_2,1,2010-06-15 18:10:04.999999,2010-06-15 18:53:19.999999,2010-06-15 18:32:50.000000,2010-06-15 18:36:36.000000,2156.632,1036.281,12408.978000000001,16.121200604062498,2.6672201991947464,32.535853005541085
6012028_1_6,3:L08,6017763_2_4,11,2010-05-23 20:22:11.000001,2010-05-23 20:57:07.999999,2010-05-23 20:34:11.000003,2010-05-23 20:56:30.000001,4593.411,3337.8520000000003,13818.242,56.838545670245,33.699599900952194,27.175439507875296
6069547_3_8,10:120,6028005_1_3,1,2010-05-20 22:43:21.000000,2010-05-20 23:04:31.000000,2010-05-20 22:49:09.000000,2010-05-20 22:55:51.000000,817.924,815.8560000000001,8658.136,15.937728544889994,5.367673428607435,15.180071913482564
6095347_1_2,4:234N,6095549_1_1,3,2010-09-24 09:04:58.000000,2010-09-24 09:32:19.999999,2010-09-24 09:51:24.000000,2010-09-24 09:51:41.999999,454.281,6133.222,3986.07,14.519217932690005,11.933544354228475,13.134775738292355
6018421_1_2,11:M11,6063839_2_4,1,2010-11-12 16:04:27.000001,2010-11-12 16:18:50.000000,2010-11-12 16:09:19.000000,2010-11-12 16:19:01.000001,1742.3229999999999,1402.864,2979.441,8.1505237124475,0.04994409775617181,14.08422145804716
6088383_3_5,3:R17,6105208_2_5,1,2010-05-12 16:44:27.000000,2010-05-12 17:02:43.000000,2010-05-12 16:50:30.999999,2010-05-12 16:54:00.000000,3313.047,1689.82,6926.816999999999,21.7516234326525,4.818013021018057,17.713886170891946
6051320_1_1,13:101407,6116243_1_2,1,2010-11-11 14:15:51.999999,2010-11-11 14:41:09.999999,2010-11-11 14:24:08.000000,2010-11-11 14:37:34.000000,14053.157,2430.235,15144.521,35.2612716345,34.51087683525327,18.380792993220894
6105220_1_5,13:403777,6126729_1_3,1,2010-11-05 14:27:46.000000,2010-11-05 14:49:43.999999,2010-11-05 14:38:25.000000,2010-11-05 14:40:05.000000,2817.0209999999997,1564.261,6933.710999999999,17.053066344475,5.512897236713403,16.757457385127427
6061406_1_1,3:D14,6068772_1_1,1,2010-06-18 09:12:10.000002,2010-06-18 09:22:59.000000,2010-06-18 09:14:06.000000,2010-06-18 09:15:19.000000,4827.351,421.561,2355.199,11.156998092820004,3.9636290333889743,10.848806107063522
6011054_2_5,3:R17,6105208_2_5,1,2010-05-12 16:44:27.000000,2010-05-12 17:02:43.000000,2010-05-12 16:50:30.999999,2010-05-12 16:54:00.000000,3313.047,1689.82,6926.816999999999,21.7516234326525,4.818013021018057,17.713886170891946
6105232_1_1,8:629,6116243_1_2,1,2010-11-11 14:10:27.999999,2010-11-11 14:37:43.999998,2010-11-11 14:15:59.000000,2010-11-11 14:17:52.000000,3075.445,505.30800000000005,15817.972,35.2612716345,26.485674038395032,8.142172181542476
6103969_1_2,11:A15,6126729_1_3,1,2010-11-05 14:28:29.000000,2010-11-05 14:48:41.000000,2010-11-05 14:31:10.999999,2010-11-05 14:41:04.000000,4425.352,957.678,11394.511,17.053066344475,8.992876694606991,20.069816877170503
6076807_1_2,3:709,6069024_1_1,1,2010-06-13 19:39:38.000000,2010-06-13 20:22:47.000000,2010-06-13 19:53:07.000000,2010-06-13 20:01:24.000000,6217.189,856.34,14110.124,32.3777637801675,3.188517984396527,37.545417802927645
6036759_2_1,10:R16,6104081_3_1,1,2010-05-17 08:43:36.000002,2010-05-17 08:54:37.000000,2010-05-17 08:46:33.000000,2010-05-17 08:52:27.000000,6599.799,484.898,2235.632,14.946382533494994,6.369459525394821,11.46899583891934
6011603_2_2,10:D16,6071921_1_2,1,2010-06-11 11:35:56.999999,2010-06-11 12:01:37.000000,2010-06-11 12:20:29.999997,2010-06-11 12:29:18.000000,1584.42,8499.537,12740.041000000001,16.948871748340007,14.664246330179944,27.01117982963172
6103605_2_4,13:401088,6126729_1_3,1,2010-11-05 14:25:13.000000,2010-11-05 14:41:52.000001,2010-11-05 14:27:16.000000,2010-11-05 14:29:08.000000,1312.815,599.117,8448.173,17.053066344475,13.579389504975323,5.5142825049121775
6041631_1_4,3:709,6014760_1_4,4,2010-05-16 19:14:17.000001,2010-05-16 19:45:19.000001,2010-05-16 19:15:37.000000,2010-05-16 19:22:14.000000,9898.742,669.955,24320.232000000004,54.03147903233,44.465038184086964,14.117582857775558
6062320_1_1,10:631,6028743_2_2,1,2010-06-23 08:46:27.000000,2010-06-23 09:01:08.999999,2010-06-23 08:49:27.000001,2010-06-23 08:51:59.000000,343.483,926.7669999999999,6555.233,13.183079211107502,10.988332351928117,4.1679881410543835
6100539_2_1,10:A25,6068162_1_3,1,2010-06-17 13:34:51.000001,2010-06-17 13:52:32.999999,2010-06-17 13:41:07.000000,2010-06-17 13:45:50.000000,1105.0639999999999,1189.276,2778.518,7.8470340006225,2.1306501310706136,9.609666983057721
6119125_1_2,11:116,6109168_1_2,1,2010-10-08 18:06:36.000001,2010-10-08 18:46:52.999999,2010-10-08 18:22:55.000000,2010-10-08 18:30:28.000000,4125.8279999999995,544.7669999999999,21495.67,42.90724769121501,21.39421762057636,29.05317799604448
6099581_1_1,11:F16,6067480_2_1,1,2010-10-04 09:15:34.000000,2010-10-04 09:33:32.999999,2010-10-04 09:23:15.000000,2010-10-04 09:27:05.999999,3885.0820000000003,1538.171,2526.479,9.836090727875,0.3552272352035602,15.367438404559774
6060193_1_3,10:D20,6065846_1_2,1,2010-06-14 17:13:30.000001,2010-06-14 17:45:53.999999,2010-06-14 17:24:20.000000,2010-06-14 17:33:20.000000,3599.488,1892.749,13352.802,30.9202166203275,12.511555311521105,22.362846502984734
6046706_1_4,3:G11,6063673_1_4,1,2010-06-18 19:38:06.000001,2010-06-18 20:13:58.999999,2010-06-18 19:54:56.000000,2010-06-18 20:15:52.999999,2945.2470000000003,10909.283000000001,15950.863000000001,25.663624566185003,22.04006614689173,29.54045098094911
6067170_1_3,3:126,6065846_1_2,4,2010-06-14 17:20:45.000001,2010-06-14 17:40:30.000000,2010-06-14 17:32:36.999999,2010-06-14 17:38:22.000000,10677.511,6012.01,2110.7960000000003,30.9202166203275,18.977674174652414,15.411675031253418
6132009_2_1,10:111,6033603_2_1,1,2010-06-01 09:02:24.000000,2010-06-01 09:35:30.000000,2010-06-01 09:17:51.000000,2010-06-01 09:39:39.000000,530.409,4629.141,16254.382,34.186114946627505,12.961606155537774,26.54338469639223
6130288_3_3,11:A28,6140592_1_2,1,2010-11-19 19:31:41.000000,2010-11-19 19:42:53.000000,2010-11-19 19:33:20.000000,2010-11-19 19:39:46.000000,446.85699999999997,428.648,2145.52,8.1833072464075,7.805869355586947,1.1337406242672194
6031981_1_1,3:626,6035985_1_1,1,2010-05-10 07:02:52.000000,2010-05-10 07:21:48.000000,2010-05-10 07:47:02.999999,2010-05-10 07:48:47.000001,815.553,3442.2059999999997,17139.108,12.857532070214994,4.956027572274994,33.53578737270083
6088184_1_2,10:G30,6089061_1_3,1,2010-06-20 16:38:31.000001,2010-06-20 17:03:07.000002,2010-06-20 16:42:43.000000,2010-06-20 16:47:20.000000,3686.7290000000003,2219.33,14240.613000000001,25.7456318693325,20.0204895434827,14.275904774797294
6072727_1_2,3:631,6065846_1_2,4,2010-06-14 17:13:34.999999,2010-06-14 17:32:58.999999,2010-06-14 17:22:09.000000,2010-06-14 17:30:06.999999,8872.88,5828.522,3783.909,30.9202166203275,27.736957115676823,6.063053113830677
6043642_2_2,3:720,6035599_1_4,3,2010-05-28 22:39:23.000002,2010-05-28 23:05:24.999998,2010-05-28 22:48:10.000001,2010-05-28 22:50:10.000000,3644.664,3456.574,7236.865,11.239427460255001,4.011283477377997,22.918268150242003
6072628_2_1,3:A19,6071921_1_2,5,2010-06-11 11:42:58.000000,2010-06-11 12:04:25.000000,2010-06-11 11:50:24.000001,2010-06-11 12:05:01.999999,6853.606,2655.495,11105.784,16.948871748340007,7.653839399344545,29.51733872442795
6066793_1_2,3:A28,6068278_1_2,2,2010-06-23 16:14:44.999999,2010-06-23 16:25:04.999999,2010-06-23 16:18:00.000000,2010-06-23 16:25:57.000000,5295.593000000001,913.704,2768.458,16.187455840364994,10.998564389605551,8.995323204819451
6057510_1_4,10:A28,6068278_1_1,2,2010-06-23 13:24:56.999999,2010-06-23 13:45:55.000002,2010-06-23 13:29:18.000000,2010-06-23 13:34:57.000000,1887.739,630.511,4343.682,12.927976900485001,12.007059024990115,3.572177518319051
6036687_2_2,3:R04,6017763_2_3,9,2010-05-23 16:29:51.000000,2010-05-23 16:52:58.000000,2010-05-23 16:35:20.999999,2010-05-23 16:47:50.999999,18804.965,1357.536,12488.098,54.6788668361,50.210420854460345,15.02776680503215
6130329_3_1,13:101407,6116243_1_2,1,2010-11-11 14:15:51.999999,2010-11-11 14:41:09.999999,2010-11-11 14:24:08.000000,2010-11-11 14:37:34.000000,14053.157,2430.235,15144.521,35.2612716345,34.51087683525327,18.380792993220894
6007242_1_3,10:415,6039034_1_2,2,2010-05-23 15:11:15.000001,2010-05-23 15:34:02.000001,2010-05-23 15:23:55.000001,2010-05-23 15:48:42.000000,7002.724,11560.883,6778.464,22.858355399884985,6.919358021781081,37.61395229592225
6116762_1_3,7:503478,6119629_1_4,1,2010-09-25 14:41:20.000002,2010-09-25 15:29:42.000001,2010-09-25 15:00:05.000000,2010-09-25 15:29:28.000000,4937.641,2812.795,25000.341,49.2221249691475,2.732365909454374,55.53692504871313
6057408_1_1,10:L06,6067397_1_1,1,2010-06-14 08:38:01.000000,2010-06-14 09:03:13.000000,2010-06-14 08:51:37.000000,2010-06-14 08:59:22.000000,2244.5589999999997,961.534,4987.875,13.587409981089998,5.52721173121071,14.394856827442618
6065157_1_3,3:F15,6076880_2_2,1,2010-06-20 13:46:58.999998,2010-06-20 13:55:40.000000,2010-06-20 13:52:16.000000,2010-06-20 13:52:53.000000,12253.372,1589.0339999999999,794.432,24.259279815355,23.949956496481168,1.7873101657638333
6031283_2_2,3:D19,6067195_2_4,1,2010-06-07 17:57:44.000000,2010-06-07 18:14:09.000000,2010-06-07 18:04:30.000000,2010-06-07 18:08:33.000000,2758.972,1731.6570000000002,2038.604,20.218146602035,10.865968248079364,3.2767218480281364
6060408_1_1,3:B10,6067397_1_1,6,2010-06-14 08:48:43.000000,2010-06-14 08:58:28.000000,2010-06-14 08:55:11.000001,2010-06-14 08:56:27.000000,3675.866,2136.196,1063.136,13.587409981089998,9.127768068817137,8.299340316245361
6069645_1_2,10:A20,6025391_2_3,1,2010-06-14 19:39:50.000000,2010-06-14 20:12:37.000000,2010-06-14 19:50:15.000000,2010-06-14 20:00:08.000001,2725.986,488.338,9699.485999999999,25.9866396202525,11.818398495714087,16.148935754727574
6012272_1_3,10:L10,6021956_2_2,1,2010-06-07 20:44:15.999999,2010-06-07 21:05:13.999999,2010-06-07 20:50:15.000000,2010-06-07 20:56:25.000001,9494.973,1416.421,8471.228000000001,22.101601483835,15.352094122168415,19.550737254736585
6035162_2_1,10:A19,6071921_1_2,5,2010-06-11 11:42:58.000000,2010-06-11 12:04:25.000000,2010-06-11 11:50:24.000001,2010-06-11 12:05:01.999999,6853.606,2655.495,11105.784,16.948871748340007,7.653839399344545,29.51733872442795
6032847_1_2,3:122,6007906_1_3,1,2010-05-27 12:35:40.000000,2010-05-27 13:11:42.000000,2010-05-27 12:49:19.000001,2010-05-27 12:56:22.000000,1700.852,8424.64,14562.27,35.075237817382515,23.33392504957808,19.190056688010255
6131861_2_1,13:400027,6123890_1_1,1,2010-10-20 09:18:55.999998,2010-10-20 10:02:22.000001,2010-10-20 09:21:39.000000,2010-10-20 09:29:16.000000,13355.563,1004.9760000000001,34054.6,45.63285461244999,18.90060714188552,59.30880119703697
6043132_2_1,10:B08,6031020_1_1,8,2010-05-16 10:09:30.000000,2010-05-16 10:40:09.999999,2010-05-16 10:12:15.000000,2010-05-16 10:12:57.000000,3784.571,847.7139999999999,23383.735,47.0263800527375,45.684005897592584,5.889326351882419
6140878_1_3,5:L05,6105314_1_3,1,2010-11-26 19:39:56.000000,2010-11-26 19:49:35.000000,2010-11-26 19:42:56.000000,2010-11-26 19:47:59.000000,2052.778,738.01,1999.656,8.1450960367625,2.276299283366797,9.391974830109866
6014328_1_2,3:L08,6067195_2_4,6,2010-06-07 18:00:26.000001,2010-06-07 18:23:43.000002,2010-06-07 18:02:47.000000,2010-06-07 18:07:28.000000,5030.332,669.539,9060.110999999999,20.218146602035,10.520735904620429,18.37567607812957
6035428_2_1,3:628,6068772_1_1,1,2010-06-18 09:12:26.999998,2010-06-18 09:17:45.000000,2010-06-18 09:30:02.999999,2010-06-18 09:35:41.000000,3480.341,1280.468,3406.388,11.156998092820004,10.385838237594953,5.301310180122549
6086831_1_1,5:625,6103267_1_1,1,2010-10-06 08:03:40.000002,2010-10-06 08:26:11.000000,2010-10-06 08:19:52.000000,2010-10-06 08:29:47.000000,7050.2390000000005,8273.629,1550.535,10.818683331305001,7.729461680444746,21.48369998583776
6035753_1_1,3:628,6028436_2_2,1,2010-06-04 08:57:12.000001,2010-06-04 09:12:05.000000,2010-06-04 09:00:39.000001,2010-06-04 09:11:57.000000,1895.236,1157.744,3829.633,8.6796991023175,3.637961956333817,10.053678349723684
6029412_2_2,10:629,6005839_3_4,9,2010-06-05 21:54:17.000001,2010-06-05 22:17:35.000002,2010-06-05 21:55:53.000001,2010-06-05 22:04:13.000000,18843.256,613.4019999999999,17313.892,60.77833917518004,58.741203728666974,6.085241033055524
6091098_1_1,11:R19,6089727_3_1,4,2010-09-15 08:19:05.000000,2010-09-15 08:31:23.000001,2010-09-15 08:21:31.000000,2010-09-15 08:25:57.000000,8993.652,239.482,2852.4359999999997,24.00245164678,10.792865701475847,12.846804279565818
6065814_1_2,11:634,6105261_1_2,3,2010-09-28 08:13:50.999999,2010-09-28 08:36:07.000001,2010-09-28 08:19:39.000000,2010-09-28 08:23:28.999999,5617.313,1355.734,3955.515,20.43391954720749,0.9302509746782692,20.715102533830894
6032275_1_2,3:227,6029241_1_1,4,2010-05-25 09:44:58.000000,2010-05-25 10:01:32.999997,2010-05-25 09:46:13.999999,2010-05-25 09:46:18.000000,3014.204,875.2439999999999,8250.567,20.89170065061,8.778873208097504,15.53671058699499
6021908_1_4,10:126,6027174_1_3,9,2010-05-26 13:19:48.000002,2010-05-26 13:44:33.000000,2010-05-26 13:22:09.000000,2010-05-26 13:24:44.000000,15926.543,698.2719999999999,5239.303,49.864141020622505,19.04760506853135,37.41212348098864
6037461_1_1,10:131,6067397_1_1,1,2010-06-14 08:36:07.000001,2010-06-14 09:02:49.000000,2010-06-14 08:45:45.000000,2010-06-14 08:49:33.000000,1380.1070000000002,156.845,6470.102,13.587409981089998,5.722679630774487,13.46903157347718
6056696_2_1,3:F20,6088357_1_1,1,2010-06-20 10:38:13.000000,2010-06-20 11:08:41.999999,2010-06-20 10:43:07.000000,2010-06-20 10:51:08.000000,2467.317,861.437,17434.326,31.56102752405751,23.687285449508828,12.2799873405245
6091060_2_4,10:126,6027174_1_3,9,2010-05-26 13:19:48.000002,2010-05-26 13:44:33.000000,2010-05-26 13:22:09.000000,2010-05-26 13:24:44.000000,15926.543,698.2719999999999,5239.303,49.864141020622505,19.04760506853135,37.41212348098864
6105090_3_1,3:628,6068772_1_1,1,2010-06-18 09:12:26.999998,2010-06-18 09:17:45.000000,2010-06-18 09:30:02.999999,2010-06-18 09:35:41.000000,3480.341,1280.468,3406.388,11.156998092820004,10.385838237594953,5.301310180122549
6066423_2_1,3:631,6068018_1_1,1,2010-06-21 09:02:49.000000,2010-06-21 09:15:49.000000,2010-06-21 09:10:20.000001,2010-06-21 09:12:46.000000,809.317,2228.937,1462.878,8.04048698748,7.187359130574472,2.8048230993555285
6109534_1_3,8:629,6104034_1_2,1,2010-10-28 16:10:03.000000,2010-10-28 16:30:18.000000,2010-10-28 16:17:15.000001,2010-10-28 16:20:56.000000,3967.453,1635.082,3654.28,16.632595150772502,0.6246685384224893,18.615122444990007
6063378_1_1,3:R14,6068018_1_1,4,2010-06-21 09:08:30.000000,2010-06-21 09:17:59.000000,2010-06-21 09:10:46.000000,2010-06-21 09:17:28.000000,1635.575,724.9010000000001,2200.254,8.04048698748,6.578076815811008,5.5170967279314915
6130812_1_2,13:402506,6131742_3_2,1,2010-11-15 13:01:57.000000,2010-11-15 13:12:36.999999,2010-11-15 13:15:55.999999,2010-11-15 13:31:44.000000,699.285,4415.795999999999,2187.756,9.12669941887,8.917424500788623,7.22033665636221
6090934_1_4,10:F29,6088818_1_2,1,2010-06-26 18:22:17.999999,2010-06-26 18:49:01.999999,2010-06-26 18:31:14.000001,2010-06-26 18:38:49.000000,7068.547,3389.285,8388.327,20.759476008665,12.419844865393214,20.896296801245946
6032831_1_2,10:125,6029347_1_2,1,2010-05-17 18:08:02.000000,2010-05-17 18:11:13.000000,2010-05-17 18:11:13.000000,2010-05-17 18:14:08.000000,2424.893,521.3380000000001,0.0,8.17702363217,7.4360765362122905,1.1406797205402082
6106604_1_2,5:D17,6109168_1_2,6,2010-10-08 18:16:27.999998,2010-10-08 18:45:59.999999,2010-10-08 18:26:24.999998,2010-10-08 18:40:11.000000,7255.057,4432.69,16795.869,42.90724769121501,24.2227044962896,29.156959151900395
6034837_3_2,10:127,6028436_2_3,1,2010-06-04 11:41:29.000001,2010-06-04 11:50:42.000001,2010-06-04 12:05:23.999998,2010-06-04 12:07:16.000000,3011.947,2871.48,15697.146999999999,8.561560940942499,7.589372665891624,28.934484451493372
6016277_1_3,10:640,6022080_2_5,1,2010-06-07 17:57:31.999999,2010-06-07 18:36:29.999998,2010-06-07 18:12:25.000000,2010-06-07 18:24:50.000000,1659.332,5391.385,15157.285,12.755645555349993,0.16774764261194489,38.91744005757639
6110216_1_2,5:G16,6118830_1_2,4,2010-09-25 21:41:25.000000,2010-09-25 22:17:49.000000,2010-09-25 21:43:58.000000,2010-09-25 21:51:08.000000,39529.209,933.497,32269.511000000002,71.48314011901749,52.83992108546304,66.53768482439949
6103756_1_1,13:400316,6029556_2_1,2,2010-10-19 10:34:13.000000,2010-10-19 10:45:28.000001,2010-10-19 11:00:40.000001,2010-10-19 11:09:10.000001,745.4069999999999,2244.2529999999997,6860.972,6.617900025522501,6.568430035008332,13.461672654330835
6041631_2_4,10:709,6014760_1_4,4,2010-05-16 19:14:17.000001,2010-05-16 19:45:19.000001,2010-05-16 19:15:37.000000,2010-05-16 19:22:14.000000,9898.742,669.955,24320.232000000004,54.03147903233,44.465038184086964,14.117582857775558
6095427_1_1,8:F18,6095549_1_1,1,2010-09-24 09:08:16.000000,2010-09-24 09:27:56.000000,2010-09-24 09:10:44.000000,2010-09-24 09:14:08.000000,2834.4,735.6139999999999,5959.996,14.519217932690005,12.167821081405116,5.6363585278698825
6095737_2_4,10:A28,6068278_1_1,2,2010-06-23 13:24:56.999999,2010-06-23 13:45:55.000002,2010-06-23 13:29:18.000000,2010-06-23 13:34:57.000000,1887.739,630.511,4343.682,12.927976900485001,12.007059024990115,3.572177518319051
6105984_1_2,11:F09,6101562_1_1,3,2010-09-29 17:55:28.000000,2010-09-29 18:20:03.000000,2010-09-29 18:03:48.999999,2010-09-29 18:12:24.000000,22197.892999999996,2270.879,8446.384,46.25063532950252,15.274909202890356,43.216816055830456
6070844_3_3,3:629,6068162_1_3,1,2010-06-17 13:37:50.000000,2010-06-17 13:54:44.000000,2010-06-17 14:11:12.999999,2010-06-17 14:13:21.000001,2278.491,3654.17,13668.511999999999,7.8470340006225,5.828803410180683,28.88686442694348
6092467_1_2,10:236,6059883_1_2,1,2010-06-26 13:53:48.999999,2010-06-26 14:30:57.000000,2010-06-26 14:00:48.000000,2010-06-26 14:11:15.000000,20392.912,1556.3029999999999,20415.053,57.572246722194976,3.46223620730072,66.34091606126928
6017161_1_2,3:F27,6022627_1_10,5,2010-05-23 22:34:42.000000,2010-05-23 22:59:48.000001,2010-05-23 22:37:34.999999,2010-05-23 22:46:45.000001,24494.688,994.069,6554.762,54.731659913689995,33.79617567237698,20.592406671083012
6034937_2_2,3:127,6028436_2_3,1,2010-06-04 11:41:29.000001,2010-06-04 11:50:42.000001,2010-06-04 12:05:23.999998,2010-06-04 12:07:16.000000,3011.947,2871.48,15697.146999999999,8.561560940942499,7.589372665891624,28.934484451493372
6058434_1_1,10:631,6072815_1_5,1,2010-06-22 08:49:53.000000,2010-06-22 09:02:38.000000,2010-06-22 08:55:02.000000,2010-06-22 09:03:39.000000,1259.529,1049.848,2083.197,6.4760829687650014,0.23035989339929025,10.039852020652376
6117513_1_2,8:G12,6094751_1_2,3,2010-10-02 13:14:07.000000,2010-10-02 13:42:38.999999,2010-10-02 13:14:37.000000,2010-10-02 13:17:42.000000,12566.066,185.62900000000002,25006.789,61.019755945525,49.46623163628794,14.120195090669553
6047479_2_3,3:D17,6021151_1_3,1,2010-05-31 20:16:53.000000,2010-05-31 21:00:58.000001,2010-05-31 20:38:56.999999,2010-05-31 20:53:22.000000,3959.36,18781.444,23008.775,49.672058000822496,21.91149832569167,52.65715580633083
6036806_1_3,10:715,6070396_1_5,1,2010-06-11 20:24:58.000000,2010-06-11 20:43:08.999999,2010-06-11 20:34:50.999997,2010-06-11 20:59:29.000000,4689.46,4393.681,6079.254,27.668619615585,9.52817467529974,17.525506683562764
6078202_2_2,10:G06,6104045_2_1,1,2010-06-18 16:39:08.000000,2010-06-18 17:25:32.000001,2010-06-18 17:03:55.000001,2010-06-18 17:31:25.000001,7881.476,12311.375,10505.118,53.704269412017496,7.79365378030139,48.04008212511278
6017115_1_4,3:R31,6089061_1_3,1,2010-06-20 16:35:47.000001,2010-06-20 16:59:02.000001,2010-06-20 16:36:53.000000,2010-06-20 16:41:43.000000,1785.384,557.048,12745.896999999999,25.7456318693325,20.050389986480013,6.3882352111674905
6095558_1_4,11:A15,6119629_1_3,6,2010-09-25 13:20:01.000002,2010-09-25 13:45:30.000000,2010-09-25 13:25:35.000000,2010-09-25 13:32:55.000000,15232.511,540.16,14918.168,33.685467011362505,14.702347826681173,39.32023299388133
6065158_2_1,10:237,6069496_1_3,8,2010-06-19 16:28:03.000000,2010-06-19 16:50:17.000000,2010-06-19 16:42:07.999999,2010-06-19 17:00:30.999999,16656.296000000002,3563.26,2879.047,41.64137391430749,23.8349868287075,20.099494624000002
6015684_1_2,10:B16,6021153_1_3,1,2010-06-02 17:49:55.000000,2010-06-02 18:11:24.000001,2010-06-02 17:54:30.000000,2010-06-02 17:55:44.000000,6242.433000000001,1974.86,10484.271999999999,15.66048662954,0.5803140662069335,32.47121129783057
6099492_1_1,13:301000,6097591_2_2,1,2010-11-08 16:27:07.999999,2010-11-08 16:40:29.000001,2010-11-08 16:28:02.000000,2010-11-08 16:30:32.000001,2399.154,220.389,3265.245,9.41794501514,2.8434795636186485,10.464778620584683
6042982_1_1,3:D17,6026699_1_1,5,2010-05-18 08:37:58.000000,2010-05-18 08:48:36.999999,2010-05-18 08:39:57.000000,2010-05-18 08:43:15.000000,1173.098,876.806,3022.059,9.2062457808625,8.754167285411635,3.758028530988365
6103332_2_1,13:400316,6029556_2_1,2,2010-10-19 10:34:13.000000,2010-10-19 10:45:28.000001,2010-10-19 11:00:40.000001,2010-10-19 11:09:10.000001,745.4069999999999,2244.2529999999997,6860.972,6.617900025522501,6.568430035008332,13.461672654330835
6042245_1_4,10:R15,6026263_1_5,1,2010-05-24 18:05:20.000000,2010-05-24 18:26:21.999998,2010-05-24 18:47:06.000000,2010-05-24 18:48:00.000000,1463.605,5182.562,14373.975,10.071956633770002,6.948152988130174,30.45178031524149
6076683_2_1,3:G21,6079358_1_2,1,2010-06-20 14:34:09.000000,2010-06-20 15:06:31.000000,2010-06-20 14:52:19.000000,2010-06-20 15:10:24.000001,1377.9520000000002,8782.365,7292.09,35.235650954742496,16.508947978719537,15.142100996272962
6122001_1_2,11:M16,6115896_1_3,1,2010-10-10 18:49:02.000001,2010-10-10 19:21:46.999999,2010-10-10 18:57:08.999999,2010-10-10 19:04:30.000000,4898.832,579.93,17135.663,37.1131855683425,21.550898279384278,18.965638072303232
6036687_1_2,3:R04,6017763_2_3,9,2010-05-23 16:29:51.000000,2010-05-23 16:52:58.000000,2010-05-23 16:35:20.999999,2010-05-23 16:47:50.999999,18804.965,1357.536,12488.098,54.6788668361,50.210420854460345,15.02776680503215
6036103_2_2,3:631,6026699_1_1,1,2010-05-18 08:39:15.000000,2010-05-18 08:48:58.000001,2010-05-18 08:40:28.000000,2010-05-18 08:41:38.000000,2180.542,358.031,2503.083,9.2062457808625,7.313703484532423,3.518143591407577
6031167_1_2,10:111,6033603_2_1,1,2010-06-01 09:02:24.000000,2010-06-01 09:36:39.999998,2010-06-01 09:09:31.000000,2010-06-01 09:28:20.999999,530.409,5443.399,25229.894,34.186114946627505,14.060043869909927,37.412644918695065
6120242_1_1,11:F12,6105261_1_2,1,2010-09-28 08:13:04.000000,2010-09-28 08:34:07.999999,2010-09-28 08:14:14.000000,2010-09-28 08:16:50.000000,4262.733,333.157,11078.982,20.43391954720749,4.586964709687619,22.762812514092374
6030473_2_4,10:125,6035599_1_4,1,2010-05-28 22:40:43.999999,2010-05-28 23:05:29.000001,2010-05-28 22:56:28.000000,2010-05-28 22:58:15.000000,2080.797,1738.453,3028.849,11.239427460255001,2.5376860418210168,14.907005940834816
6120242_1_2,4:F12S,6120262_1_2,1,2010-09-27 15:02:57.000000,2010-09-27 15:34:44.000001,2010-09-27 15:14:09.000000,2010-09-27 15:18:06.000000,685.209,1336.2910000000002,15938.903999999999,27.891589434367514,2.5077149033782873,30.612470581331717
6018584_2_1,3:G24,6068278_1_2,2,2010-06-23 16:14:18.999998,2010-06-23 16:29:51.000000,2010-06-23 16:25:18.999999,2010-06-23 16:31:30.000000,6618.473000000001,4104.613,1703.58,16.187455840364994,7.244396366146518,19.140457767397653
6141516_1_3,4:120N,6141460_1_2,9,2010-11-20 00:42:50.999999,2010-11-20 00:52:10.000001,2010-11-20 00:52:10.000001,2010-11-20 01:01:33.000000,37358.244,10116.472,0.0,93.5406238004075,86.25961084478813,9.11334127554185
6015460_1_1,13:307828,6116243_1_1,4,2010-11-11 11:23:37.000000,2010-11-11 11:58:13.999998,2010-11-11 11:30:55.000000,2010-11-11 11:43:22.000001,16751.462,2240.209,15631.163,31.4747501607075,3.5592419400196964,54.747611326360314
6043822_1_1,3:723,6035422_1_2,1,2010-05-19 08:37:54.000000,2010-05-19 08:43:31.999999,2010-05-19 08:39:15.000001,2010-05-19 08:41:14.000000,1780.489,579.403,1110.2910000000002,6.6294761672525,3.653744063767288,4.736933638465212
6031776_1_1,10:629,6031020_1_1,6,2010-05-16 10:12:52.000000,2010-05-16 10:42:55.000001,2010-05-16 10:14:59.000000,2010-05-16 10:17:22.000000,6145.701,505.30800000000005,23550.475,47.0263800527375,42.18299167929821,9.925409765797626
6088551_1_1,3:A41,6088357_1_1,3,2010-06-20 10:34:20.000000,2010-06-20 11:12:45.000001,2010-06-20 10:59:29.000000,2010-06-20 11:07:00.000000,948.855,14904.05,5984.234,31.56102752405751,19.80735287769244,18.41620091966505
6032508_1_1,3:627,6035175_1_3,1,2010-06-03 08:13:20.000000,2010-06-03 08:18:15.000000,2010-06-03 08:34:47.000000,2010-06-03 08:36:30.000001,761.678,1241.756,6929.02,4.5949739184875,0.8637283023906143,16.012191383694383
6073542_2_3,3:R03,6074358_2_1,3,2010-06-18 18:40:02.000000,2010-06-18 19:06:34.999999,2010-06-18 18:44:11.000001,2010-06-18 18:55:39.000000,7539.861999999999,1284.901,14206.343,36.2797247997725,31.701619950194125,11.437447163882537
6030582_1_4,10:119,6081235_1_2,1,2010-06-19 21:42:41.000003,2010-06-19 22:40:34.999998,2010-06-19 21:53:57.000000,2010-06-19 22:19:48.999999,6055.066,3819.586,47669.842000000004,74.102953655225,56.915501639848976,36.30236446000271
6077152_1_2,3:G11,6104045_2_1,3,2010-06-18 16:45:32.000000,2010-06-18 17:09:32.000000,2010-06-18 16:46:55.000000,2010-06-18 16:48:13.000000,14755.166000000001,818.76,13023.903,53.704269412017496,34.706757285809566,16.664980151285427
6038303_1_2,3:A19,6021151_1_3,1,2010-05-31 20:18:30.000001,2010-05-31 21:09:35.999999,2010-05-31 20:41:56.000000,2010-05-31 21:02:02.000000,11441.434,18574.11,31454.281000000003,49.672058000822496,5.171063122122289,93.81785345306521
6103616_2_4,13:401088,6126729_1_3,1,2010-11-05 14:25:13.000000,2010-11-05 14:41:52.000001,2010-11-05 14:27:16.000000,2010-11-05 14:29:08.000000,1312.815,599.117,8448.173,17.053066344475,13.579389504975323,5.5142825049121775
6066823_1_2,3:B08,6073386_1_3,1,2010-06-15 18:30:42.999999,2010-06-15 19:03:12.000000,2010-06-15 18:55:47.999999,2010-06-15 18:58:15.000000,3239.312,6481.522,1879.408,17.344071159482493,11.088851556779034,15.044616712675964
6120774_1_1,13:400027,6123890_1_1,1,2010-10-20 09:18:55.999998,2010-10-20 10:02:22.000001,2010-10-20 09:21:39.000000,2010-10-20 09:29:16.000000,13355.563,1004.9760000000001,34054.6,45.63285461244999,18.90060714188552,59.30880119703697
6043132_1_1,10:B08,6031020_1_1,8,2010-05-16 10:09:30.000000,2010-05-16 10:40:09.999999,2010-05-16 10:12:15.000000,2010-05-16 10:12:57.000000,3784.571,847.7139999999999,23383.735,47.0263800527375,45.684005897592584,5.889326351882419
6061340_1_2,10:L10,6056214_1_4,1,2010-06-18 16:16:26.000000,2010-06-18 16:39:39.000000,2010-06-18 16:27:06.000000,2010-06-18 16:40:29.000000,10464.367,1600.125,7303.589,22.95936826450501,10.891388643104913,25.622187671189252
6035428_1_1,10:A19,6071921_1_2,5,2010-06-11 11:42:58.000000,2010-06-11 12:04:25.000000,2010-06-11 11:50:24.000001,2010-06-11 12:05:01.999999,6853.606,2655.495,11105.784,16.948871748340007,7.653839399344545,29.51733872442795
6140658_2_1,4:639S,6065506_1_2,1,2010-11-11 12:34:11.999999,2010-11-11 12:56:30.999999,2010-11-11 12:39:35.000000,2010-11-11 12:47:15.000000,938.1610000000001,764.612,3873.772,9.01762395353,6.257271163180133,6.245487201474035
6037069_1_3,10:G19,6005839_3_4,6,2010-06-05 21:58:07.000001,2010-06-05 22:22:56.000000,2010-06-05 21:58:55.000000,2010-06-05 22:02:13.000000,21102.732000000004,437.68300000000005,15610.666000000001,60.77833917518004,49.97924468801324,13.839653861749262
6032847_2_2,3:122,6007906_1_3,1,2010-05-27 12:35:40.000000,2010-05-27 13:11:42.000000,2010-05-27 12:49:19.000001,2010-05-27 12:56:22.000000,1700.852,8424.64,14562.27,35.075237817382515,23.33392504957808,19.190056688010255
6099693_1_2,13:302375,6022681_5_2,1,2010-10-26 18:37:26.000001,2010-10-26 19:08:58.999999,2010-10-26 18:46:14.000000,2010-10-26 18:59:37.000000,2309.621,3543.592,7704.9980000000005,16.406624266057502,4.201302204459303,20.9670622737432
6056334_1_3,10:A41,6059753_1_4,9,2010-06-17 19:48:19.000000,2010-06-17 20:03:13.000000,2010-06-17 19:55:56.000000,2010-06-17 19:57:35.000000,767.7689999999999,1464.656,2594.22,16.618738577472506,15.540594916256664,4.996563926524174
6100317_1_2,4:R28S,6123890_1_2,18,2010-10-20 14:08:23.999999,2010-10-20 14:32:57.000001,2010-10-20 14:14:59.000000,2010-10-20 14:19:12.000000,1268.281,1101.7269999999999,6750.892,47.3279189716175,34.81835560315103,16.642849371808133
